var,revel_score
A1017D,0.61
A1017G,0.575
A1017P,0.604
A1017S,0.593
A1017T,0.602
A1017V,0.562
A1044D,0.527
A1044G,0.457
A1044P,0.539
A1044S,0.478
A1044T,0.443
A1044V,0.447
A1058E,0.491
A1058G,0.453
A1058P,0.537
A1058S,0.542
A1058T,0.551
A1058V,0.477
A1061D,0.541
A1061G,0.419
A1061P,0.61
A1061S,0.455
A1061T,0.556
A1061V,0.573
A1077D,0.63
A1077G,0.524
A1077P,0.685
A1077S,0.575
A1077T,0.457
A1077V,0.543
A1080D,0.456
A1080G,0.418
A1080P,0.468
A1080S,0.456
A1080T,0.46
A1080V,0.398
A1116E,0.585
A1116G,0.579
A1116P,0.523
A1116S,0.585
A1116T,0.582
A1116V,0.565
A1124D,0.427
A1124G,0.422
A1124P,0.461
A1124S,0.378
A1124T,0.296
A1124V,0.46
A1144D,0.562
A1144G,0.491
A1144P,0.523
A1144S,0.391
A1144T,0.529
A1144V,0.497
A121D,0.435
A121G,0.416
A121P,0.7
A121S,0.388
A121T,0.384
A121V,0.376
A142D,0.344
A142G,0.272
A142P,0.384
A142S,0.347
A142T,0.349
A142V,0.242
A156D,0.382
A156G,0.366
A156P,0.379
A156S,0.349
A156T,0.311
A156V,0.397
A160D,0.394
A160G,0.332
A160P,0.442
A160S,0.398
A160T,0.404
A160V,0.33
A169E,0.638
A169G,0.443
A169P,0.619
A169S,0.417
A169T,0.494
A169V,0.517
A172E,0.586
A172G,0.455
A172P,0.639
A172S,0.417
A172T,0.445
A172V,0.445
A175D,0.4
A175G,0.342
A175P,0.327
A175S,0.237
A175T,0.213
A175V,0.325
A185E,0.428
A185G,0.362
A185P,0.378
A185S,0.254
A185T,0.151
A185V,0.286
A188E,0.407
A188G,0.392
A188P,0.351
A188S,0.26
A188T,0.27
A188V,0.364
A190D,0.582
A190G,0.452
A190P,0.499
A190S,0.419
A190T,0.415
A190V,0.515
A193D,0.682
A193G,0.555
A193P,0.639
A193S,0.585
A193T,0.557
A193V,0.559
A203E,0.449
A203G,0.357
A203P,0.422
A203S,0.407
A203T,0.359
A203V,0.397
A204E,0.461
A204G,0.36
A204P,0.383
A204S,0.366
A204T,0.348
A204V,0.375
A211D,0.664
A211G,0.385
A211P,0.604
A211S,0.424
A211T,0.418
A211V,0.519
A217D,0.338
A217G,0.347
A217P,0.335
A217S,0.287
A217T,0.313
A217V,0.4
A223E,0.246
A223G,0.238
A223P,0.435
A223S,0.317
A223T,0.272
A223V,0.214
A228E,0.348
A228G,0.344
A228P,0.367
A228S,0.241
A228T,0.233
A228V,0.324
A233E,0.564
A233G,0.359
A233P,0.549
A233S,0.32
A233T,0.418
A233V,0.4
A244E,0.382
A244G,0.279
A244P,0.389
A244S,0.349
A244T,0.243
A244V,0.257
A253E,0.593
A253G,0.483
A253P,0.553
A253S,0.403
A253T,0.481
A253V,0.563
A260D,0.653
A260G,0.558
A260P,0.547
A260S,0.455
A260T,0.599
A260V,0.621
A268D,0.535
A268G,0.472
A268P,0.566
A268S,0.404
A268T,0.565
A268V,0.54
A277D,0.667
A277G,0.558
A277P,0.69
A277S,0.57
A277T,0.62
A277V,0.641
A282D,0.708
A282G,0.624
A282P,0.65
A282S,0.61
A282T,0.628
A282V,0.662
A285D,0.582
A285G,0.496
A285P,0.564
A285S,0.5
A285T,0.532
A285V,0.485
A290D,0.637
A290G,0.59
A290P,0.646
A290S,0.625
A290T,0.598
A290V,0.639
A293D,0.534
A293G,0.545
A293P,0.559
A293S,0.571
A293T,0.573
A293V,0.569
A303D,0.574
A303G,0.53
A303P,0.57
A303S,0.525
A303T,0.593
A303V,0.592
A307D,0.565
A307G,0.527
A307P,0.585
A307S,0.631
A307T,0.613
A307V,0.548
A32D,0.872
A32G,0.751
A32P,0.912
A32S,0.759
A32T,0.827
A32V,0.799
A34D,0.961
A34G,0.907
A34P,0.936
A34S,0.915
A34T,0.918
A34V,0.885
A350D,0.666
A350G,0.575
A350P,0.379
A350S,0.427
A350T,0.454
A350V,0.66
A360E,0.767
A360G,0.652
A360P,0.704
A360S,0.667
A360T,0.705
A360V,0.794
A382D,0.783
A382G,0.821
A382P,0.886
A382S,0.776
A382T,0.911
A382V,0.886
A392E,0.752
A392G,0.712
A392P,0.787
A392S,0.61
A392T,0.572
A392V,0.634
A408D,0.898
A408G,0.815
A408P,0.966
A408S,0.896
A408T,0.906
A408V,0.831
A40D,0.867
A40G,0.566
A40P,0.717
A40S,0.72
A40T,0.797
A40V,0.8
A422D,0.908
A422G,0.848
A422P,0.918
A422S,0.858
A422T,0.938
A422V,0.873
A429D,0.926
A429G,0.913
A429P,0.934
A429S,0.903
A429T,0.946
A429V,0.845
A430D,0.935
A430G,0.886
A430P,0.879
A430S,0.737
A430T,0.783
A430V,0.9
A442D,0.497
A442G,0.44
A442P,0.518
A442S,0.506
A442T,0.497
A442V,0.443
A448D,0.594
A448G,0.565
A448P,0.626
A448S,0.436
A448T,0.514
A448V,0.635
A453D,0.52
A453G,0.561
A453P,0.67
A453S,0.498
A453T,0.55
A453V,0.573
A478D,0.527
A478G,0.521
A478P,0.604
A478S,0.496
A478T,0.527
A478V,0.527
A490D,0.984
A490G,0.924
A490P,0.982
A490S,0.935
A490T,0.972
A490V,0.953
A504D,0.953
A504G,0.925
A504P,0.974
A504S,0.847
A504T,0.952
A504V,0.92
A505D,0.933
A505G,0.94
A505P,0.965
A505S,0.861
A505T,0.89
A505V,0.886
A527E,0.95
A527G,0.886
A527P,0.927
A527S,0.893
A527T,0.894
A527V,0.811
A536E,0.906
A536G,0.694
A536P,0.927
A536S,0.81
A536T,0.837
A536V,0.698
A547E,0.954
A547G,0.905
A547P,0.946
A547S,0.875
A547T,0.868
A547V,0.869
A548D,0.941
A548G,0.861
A548P,0.869
A548S,0.775
A548T,0.772
A548V,0.826
A558E,0.951
A558G,0.874
A558P,0.963
A558S,0.896
A558T,0.923
A558V,0.86
A561E,0.963
A561G,0.899
A561P,0.968
A561S,0.922
A561T,0.959
A561V,0.94
A565D,0.914
A565G,0.826
A565P,0.988
A565S,0.911
A565T,0.977
A565V,0.838
A570D,0.959
A570G,0.941
A570P,0.962
A570S,0.911
A570T,0.963
A570V,0.93
A57D,0.657
A57G,0.482
A57P,0.688
A57S,0.47
A57T,0.512
A57V,0.538
A614E,0.97
A614G,0.909
A614P,0.949
A614S,0.825
A614T,0.933
A614V,0.961
A653D,0.959
A653G,0.893
A653P,0.974
A653S,0.931
A653T,0.936
A653V,0.946
A661D,0.946
A661G,0.917
A661P,0.976
A661S,0.917
A661T,0.873
A661V,0.941
A671D,0.885
A671G,0.857
A671P,0.915
A671S,0.75
A671T,0.799
A671V,0.807
A704D,0.877
A704G,0.852
A704P,0.944
A704S,0.758
A704T,0.779
A704V,0.842
A715E,0.673
A715G,0.813
A715P,0.849
A715S,0.672
A715T,0.697
A715V,0.771
A726D,0.852
A726G,0.76
A726P,0.888
A726S,0.808
A726T,0.859
A726V,0.806
A746D,0.904
A746G,0.741
A746P,0.925
A746S,0.682
A746T,0.843
A746V,0.804
A753D,0.875
A753G,0.829
A753P,0.945
A753S,0.834
A753T,0.838
A753V,0.844
A755D,0.892
A755G,0.771
A755P,0.959
A755S,0.671
A755T,0.884
A755V,0.841
A763E,0.854
A763G,0.783
A763P,0.89
A763S,0.709
A763T,0.815
A763V,0.721
A772D,0.645
A772G,0.581
A772P,0.667
A772S,0.538
A772T,0.59
A772V,0.643
A778D,0.895
A778G,0.748
A778P,0.875
A778S,0.613
A778T,0.716
A778V,0.827
A78D,0.645
A78G,0.585
A78P,0.633
A78S,0.41
A78T,0.484
A78V,0.841
A797D,0.922
A797G,0.756
A797P,0.97
A797S,0.841
A797T,0.95
A797V,0.847
A79D,0.527
A79G,0.42
A79P,0.625
A79S,0.482
A79T,0.478
A79V,0.401
A80E,0.707
A80G,0.537
A80P,0.792
A80S,0.542
A80T,0.549
A80V,0.808
A813E,0.652
A813G,0.593
A813P,0.744
A813S,0.617
A813T,0.592
A813V,0.651
A824D,0.975
A824G,0.967
A824P,0.959
A824S,0.861
A824T,0.918
A824V,0.961
A83E,0.731
A83G,0.491
A83P,0.814
A83S,0.553
A83T,0.562
A83V,0.68
A85E,0.874
A85G,0.7
A85P,0.881
A85S,0.729
A85T,0.825
A85V,0.888
A89D,0.452
A89G,0.418
A89P,0.622
A89S,0.459
A89T,0.457
A89V,0.514
A907D,0.598
A907G,0.48
A907P,0.607
A907S,0.395
A907T,0.419
A907V,0.452
A913E,0.483
A913G,0.438
A913P,0.512
A913S,0.392
A913T,0.393
A913V,0.502
A915E,0.444
A915G,0.425
A915P,0.426
A915S,0.4
A915T,0.393
A915V,0.481
A97D,0.743
A97G,0.429
A97P,0.68
A97S,0.418
A97T,0.346
A97V,0.446
A990D,0.662
A990G,0.642
A990P,0.593
A990S,0.554
A990T,0.567
A990V,0.628
A9E,0.785
A9G,0.678
A9P,0.585
A9S,0.556
A9T,0.576
A9V,0.719
C1015F,0.61
C1015G,0.715
C1015R,0.591
C1015S,0.571
C1015W,0.666
C1015Y,0.594
C105F,0.811
C105G,0.838
C105R,0.862
C105S,0.737
C105W,0.824
C105Y,0.858
C108F,0.846
C108G,0.869
C108R,0.961
C108S,0.731
C108W,0.797
C108Y,0.881
C1117F,0.472
C1117G,0.579
C1117R,0.592
C1117S,0.569
C1117W,0.641
C1117Y,0.564
C265F,0.602
C265G,0.643
C265R,0.623
C265S,0.613
C265W,0.692
C265Y,0.632
C276F,0.499
C276G,0.596
C276R,0.636
C276S,0.59
C276W,0.558
C276Y,0.606
C39F,0.764
C39G,0.867
C39R,0.934
C39S,0.909
C39W,0.731
C39Y,0.848
C445F,0.743
C445G,0.789
C445R,0.747
C445S,0.707
C445W,0.649
C445Y,0.755
C449F,0.916
C449G,0.82
C449R,0.872
C449S,0.82
C449W,0.858
C449Y,0.899
C44F,0.984
C44G,0.973
C44R,0.975
C44S,0.974
C44W,0.934
C44Y,0.992
C49F,0.956
C49G,0.929
C49R,0.942
C49S,0.917
C49W,0.859
C49Y,0.965
C52F,0.564
C52G,0.672
C52R,0.619
C52S,0.595
C52W,0.545
C52Y,0.535
C555F,0.847
C555G,0.882
C555R,0.945
C555S,0.902
C555W,0.915
C555Y,0.949
C566F,0.97
C566G,0.91
C566R,0.937
C566S,0.92
C566W,0.923
C566Y,0.971
C643F,0.845
C643G,0.818
C643R,0.924
C643S,0.824
C643W,0.783
C643Y,0.88
C64F,0.896
C64G,0.76
C64R,0.822
C64S,0.77
C64W,0.788
C64Y,0.938
C66F,0.893
C66G,0.923
C66R,0.885
C66S,0.895
C66W,0.773
C66Y,0.895
C723F,0.86
C723G,0.768
C723R,0.875
C723S,0.755
C723W,0.828
C723Y,0.876
C729F,0.897
C729G,0.875
C729R,0.872
C729S,0.848
C729W,0.851
C729Y,0.894
C740F,0.826
C740G,0.861
C740R,0.882
C740S,0.807
C740W,0.855
C740Y,0.823
C750F,0.88
C750G,0.913
C750R,0.927
C750S,0.931
C750W,0.862
C750Y,0.874
C828F,0.95
C828G,0.933
C828R,0.96
C828S,0.914
C828W,0.791
C828Y,0.954
C977F,0.457
C977G,0.367
C977R,0.431
C977S,0.487
C977W,0.465
C977Y,0.468
C984F,0.612
C984G,0.655
C984R,0.631
C984S,0.46
C984W,0.638
C984Y,0.661
D1003A,0.742
D1003E,0.553
D1003G,0.809
D1003H,0.771
D1003N,0.567
D1003V,0.858
D1003Y,0.843
D102A,0.87
D102E,0.54
D102G,0.74
D102H,0.893
D102N,0.494
D102V,0.881
D102Y,0.922
D1037A,0.447
D1037E,0.505
D1037G,0.518
D1037H,0.479
D1037N,0.268
D1037V,0.623
D1037Y,0.551
D1043A,0.714
D1043E,0.501
D1043G,0.797
D1043H,0.683
D1043N,0.513
D1043V,0.788
D1043Y,0.716
D1059A,0.842
D1059E,0.725
D1059G,0.861
D1059H,0.762
D1059N,0.571
D1059V,0.844
D1059Y,0.767
D1106A,0.442
D1106E,0.48
D1106G,0.505
D1106H,0.574
D1106N,0.455
D1106V,0.549
D1106Y,0.56
D111A,0.759
D111E,0.515
D111G,0.714
D111H,0.633
D111N,0.482
D111V,0.796
D111Y,0.837
D1156A,0.855
D1156E,0.67
D1156G,0.883
D1156H,0.761
D1156N,0.603
D1156V,0.823
D1156Y,0.775
D119A,0.563
D119E,0.353
D119G,0.689
D119H,0.562
D119N,0.524
D119V,0.639
D119Y,0.839
D136A,0.373
D136E,0.4
D136G,0.343
D136H,0.376
D136N,0.367
D136V,0.635
D136Y,0.594
D144A,0.417
D144E,0.375
D144G,0.405
D144H,0.388
D144N,0.309
D144V,0.464
D144Y,0.472
D16A,0.776
D16E,0.474
D16G,0.552
D16H,0.794
D16N,0.655
D16V,0.79
D16Y,0.874
D197A,0.477
D197E,0.388
D197G,0.545
D197H,0.583
D197N,0.381
D197V,0.526
D197Y,0.686
D199A,0.693
D199E,0.611
D199G,0.68
D199H,0.685
D199N,0.441
D199V,0.71
D199Y,0.709
D213A,0.514
D213E,0.297
D213G,0.41
D213H,0.455
D213N,0.376
D213V,0.595
D213Y,0.66
D219A,0.473
D219E,0.444
D219G,0.544
D219H,0.42
D219N,0.285
D219V,0.604
D219Y,0.635
D259A,0.59
D259E,0.479
D259G,0.553
D259H,0.607
D259N,0.489
D259V,0.645
D259Y,0.634
D286A,0.684
D286E,0.598
D286G,0.668
D286H,0.588
D286N,0.461
D286V,0.721
D286Y,0.625
D287A,0.722
D287E,0.635
D287G,0.737
D287H,0.717
D287N,0.545
D287V,0.801
D287Y,0.764
D321A,0.817
D321E,0.583
D321G,0.817
D321H,0.826
D321N,0.699
D321V,0.883
D321Y,0.847
D323A,0.846
D323E,0.729
D323G,0.836
D323H,0.789
D323N,0.526
D323V,0.901
D323Y,0.85
D342A,0.771
D342E,0.408
D342G,0.757
D342H,0.762
D342N,0.446
D342V,0.885
D342Y,0.82
D346A,0.701
D346E,0.366
D346G,0.648
D346H,0.684
D346N,0.347
D346V,0.789
D346Y,0.698
D355A,0.659
D355E,0.351
D355G,0.688
D355H,0.614
D355N,0.373
D355V,0.657
D355Y,0.75
D383A,0.883
D383E,0.649
D383G,0.903
D383H,0.891
D383N,0.808
D383V,0.945
D383Y,0.892
D411A,0.945
D411E,0.886
D411G,0.951
D411H,0.964
D411N,0.932
D411V,0.929
D411Y,0.944
D456A,0.986
D456E,0.793
D456G,0.989
D456H,0.987
D456N,0.914
D456V,0.984
D456Y,0.982
D460A,0.98
D460E,0.806
D460G,0.98
D460H,0.985
D460N,0.948
D460V,0.976
D460Y,0.987
D466A,0.979
D466E,0.905
D466G,0.984
D466H,0.989
D466N,0.967
D466V,0.99
D466Y,0.995
D46A,0.84
D46E,0.615
D46G,0.917
D46H,0.942
D46N,0.825
D46V,0.916
D46Y,0.942
D501A,0.975
D501E,0.881
D501G,0.973
D501H,0.984
D501N,0.915
D501V,0.966
D501Y,0.974
D509A,0.946
D509E,0.788
D509G,0.933
D509H,0.965
D509N,0.934
D509V,0.947
D509Y,0.963
D540A,0.911
D540E,0.786
D540G,0.933
D540H,0.91
D540N,0.885
D540V,0.922
D540Y,0.933
D580A,0.646
D580E,0.588
D580G,0.777
D580H,0.791
D580N,0.522
D580V,0.742
D580Y,0.799
D591A,0.678
D591E,0.606
D591G,0.715
D591H,0.765
D591N,0.556
D591V,0.659
D591Y,0.73
D609A,0.827
D609E,0.757
D609G,0.889
D609H,0.908
D609N,0.8
D609V,0.892
D609Y,0.873
D67A,0.765
D67E,0.563
D67G,0.792
D67H,0.772
D67N,0.474
D67V,0.851
D67Y,0.774
D712A,0.921
D712E,0.817
D712G,0.916
D712H,0.928
D712N,0.835
D712V,0.918
D712Y,0.916
D727A,0.918
D727E,0.824
D727G,0.924
D727H,0.905
D727N,0.865
D727V,0.914
D727Y,0.9
D767A,0.941
D767E,0.812
D767G,0.958
D767H,0.943
D767N,0.899
D767V,0.945
D767Y,0.979
D774A,0.968
D774E,0.81
D774G,0.978
D774H,0.985
D774N,0.942
D774V,0.986
D774Y,0.99
D793A,0.795
D793E,0.655
D793G,0.713
D793H,0.866
D793N,0.636
D793V,0.79
D793Y,0.843
D803A,0.972
D803E,0.873
D803G,0.973
D803H,0.98
D803N,0.963
D803V,0.969
D803Y,0.976
D821A,0.868
D821E,0.586
D821G,0.906
D821H,0.894
D821N,0.486
D821V,0.859
D821Y,0.831
D829A,0.905
D829E,0.763
D829G,0.916
D829H,0.859
D829N,0.848
D829V,0.932
D829Y,0.92
D836A,0.711
D836E,0.552
D836G,0.819
D836H,0.786
D836N,0.685
D836V,0.872
D836Y,0.844
D837A,0.96
D837E,0.796
D837G,0.959
D837H,0.934
D837N,0.886
D837V,0.953
D837Y,0.944
D843A,0.759
D843E,0.574
D843G,0.803
D843H,0.83
D843N,0.757
D843V,0.858
D843Y,0.888
D850A,0.87
D850E,0.671
D850G,0.898
D850H,0.816
D850N,0.52
D850V,0.915
D850Y,0.83
D864A,0.91
D864E,0.722
D864G,0.908
D864H,0.813
D864N,0.748
D864V,0.903
D864Y,0.851
D896A,0.756
D896E,0.482
D896G,0.711
D896H,0.766
D896N,0.452
D896V,0.797
D896Y,0.729
D898A,0.679
D898E,0.578
D898G,0.679
D898H,0.757
D898N,0.582
D898V,0.727
D898Y,0.791
D943A,0.6
D943E,0.538
D943G,0.629
D943H,0.663
D943N,0.37
D943V,0.739
D943Y,0.722
D976A,0.397
D976E,0.334
D976G,0.443
D976H,0.421
D976N,0.239
D976V,0.483
D976Y,0.523
D982A,0.597
D982E,0.622
D982G,0.615
D982H,0.567
D982N,0.775
D982V,0.713
D982Y,0.716
E1011A,0.738
E1011D,0.588
E1011G,0.786
E1011K,0.742
E1011Q,0.605
E1011V,0.857
E1039A,0.577
E1039D,0.441
E1039G,0.398
E1039K,0.616
E1039Q,0.528
E1039V,0.634
E1053A,0.782
E1053D,0.622
E1053G,0.791
E1053K,0.804
E1053Q,0.696
E1053V,0.787
E1118A,0.569
E1118D,0.468
E1118G,0.595
E1118K,0.541
E1118Q,0.462
E1118V,0.719
E1119A,0.517
E1119D,0.531
E1119G,0.531
E1119K,0.473
E1119Q,0.436
E1119V,0.623
E1126A,0.578
E1126D,0.526
E1126G,0.573
E1126K,0.591
E1126Q,0.475
E1126V,0.7
E1130A,0.377
E1130D,0.438
E1130G,0.383
E1130K,0.41
E1130Q,0.377
E1130V,0.382
E118A,0.691
E118D,0.434
E118G,0.825
E118K,0.838
E118Q,0.636
E118V,0.853
E130A,0.853
E130D,0.528
E130G,0.908
E130K,0.882
E130Q,0.526
E130V,0.87
E134A,0.509
E134D,0.371
E134G,0.632
E134K,0.553
E134Q,0.409
E134V,0.646
E177A,0.396
E177D,0.254
E177G,0.376
E177K,0.271
E177Q,0.229
E177V,0.378
E208A,0.517
E208D,0.303
E208G,0.397
E208K,0.386
E208Q,0.339
E208V,0.606
E214A,0.564
E214D,0.419
E214G,0.608
E214K,0.569
E214Q,0.462
E214V,0.639
E229A,0.46
E229D,0.45
E229G,0.471
E229K,0.496
E229Q,0.344
E229V,0.433
E230A,0.489
E230D,0.398
E230G,0.514
E230K,0.642
E230Q,0.416
E230V,0.583
E23A,0.554
E23D,0.437
E23G,0.678
E23K,0.649
E23Q,0.551
E23V,0.686
E274A,0.724
E274D,0.654
E274G,0.587
E274K,0.682
E274Q,0.724
E274V,0.774
E289A,0.746
E289D,0.622
E289G,0.742
E289K,0.694
E289Q,0.762
E289V,0.814
E357A,0.613
E357D,0.544
E357G,0.754
E357K,0.706
E357Q,0.603
E357V,0.717
E365A,0.741
E365D,0.548
E365G,0.82
E365K,0.749
E365Q,0.633
E365V,0.837
E372A,0.893
E372D,0.739
E372G,0.827
E372K,0.839
E372Q,0.833
E372V,0.909
E37A,0.458
E37D,0.344
E37G,0.61
E37K,0.553
E37Q,0.42
E37V,0.578
E387A,0.938
E387D,0.728
E387G,0.928
E387K,0.921
E387Q,0.813
E387V,0.941
E435A,0.754
E435D,0.54
E435G,0.786
E435K,0.703
E435Q,0.674
E435V,0.851
E437A,0.511
E437D,0.57
E437G,0.5
E437K,0.564
E437Q,0.498
E437V,0.546
E438A,0.503
E438D,0.584
E438G,0.484
E438K,0.557
E438Q,0.572
E438V,0.535
E444A,0.482
E444D,0.496
E444G,0.468
E444K,0.546
E444Q,0.546
E444V,0.513
E480A,0.872
E480D,0.475
E480G,0.722
E480K,0.927
E480Q,0.807
E480V,0.95
E481A,0.929
E481D,0.827
E481G,0.942
E481K,0.929
E481Q,0.892
E481V,0.933
E50A,0.78
E50D,0.621
E50G,0.707
E50K,0.663
E50Q,0.619
E50V,0.856
E518A,0.768
E518D,0.57
E518G,0.738
E518K,0.763
E518Q,0.659
E518V,0.833
E519A,0.877
E519D,0.796
E519G,0.839
E519K,0.914
E519Q,0.75
E519V,0.915
E544A,0.934
E544D,0.821
E544G,0.939
E544K,0.933
E544Q,0.896
E544V,0.941
E575A,0.947
E575D,0.756
E575G,0.969
E575K,0.955
E575Q,0.932
E575V,0.937
E58A,0.835
E58D,0.659
E58G,0.861
E58K,0.847
E58Q,0.779
E58V,0.833
E637A,0.892
E637D,0.756
E637G,0.865
E637K,0.924
E637Q,0.872
E637V,0.907
E682A,0.937
E682D,0.813
E682G,0.939
E682K,0.944
E682Q,0.855
E682V,0.938
E698A,0.861
E698D,0.848
E698G,0.922
E698K,0.906
E698Q,0.836
E698V,0.89
E699A,0.886
E699D,0.678
E699G,0.855
E699K,0.917
E699Q,0.881
E699V,0.934
E722A,0.906
E722D,0.718
E722G,0.892
E722K,0.797
E722Q,0.884
E722V,0.916
E788A,0.952
E788D,0.907
E788G,0.956
E788K,0.968
E788Q,0.903
E788V,0.957
E807A,0.977
E807D,0.83
E807G,0.981
E807K,0.976
E807Q,0.964
E807V,0.987
E840A,0.89
E840D,0.728
E840G,0.939
E840K,0.869
E840Q,0.828
E840V,0.96
E847A,0.742
E847D,0.662
E847G,0.878
E847K,0.782
E847Q,0.768
E847V,0.881
E857A,0.935
E857D,0.803
E857G,0.933
E857K,0.883
E857Q,0.851
E857V,0.902
E876A,0.65
E876D,0.506
E876G,0.713
E876K,0.638
E876Q,0.635
E876V,0.736
E878A,0.47
E878D,0.499
E878G,0.522
E878K,0.522
E878Q,0.393
E878V,0.611
E900A,0.582
E900D,0.536
E900G,0.618
E900K,0.663
E900Q,0.583
E900V,0.699
E904A,0.662
E904D,0.556
E904G,0.745
E904K,0.637
E904Q,0.591
E904V,0.731
E90A,0.707
E90D,0.431
E90G,0.639
E90K,0.698
E90Q,0.425
E90V,0.642
E91A,0.732
E91D,0.567
E91G,0.811
E91K,0.788
E91Q,0.752
E91V,0.808
E929A,0.539
E929D,0.457
E929G,0.487
E929K,0.66
E929Q,0.478
E929V,0.721
E939A,0.576
E939D,0.456
E939G,0.579
E939K,0.525
E939Q,0.478
E939V,0.601
E942A,0.573
E942D,0.466
E942G,0.545
E942K,0.581
E942Q,0.432
E942V,0.554
E944A,0.661
E944D,0.609
E944G,0.729
E944K,0.671
E944Q,0.613
E944V,0.641
E95A,0.811
E95D,0.511
E95G,0.852
E95K,0.839
E95Q,0.758
E95V,0.771
E966A,0.427
E966D,0.409
E966G,0.432
E966K,0.373
E966Q,0.395
E966V,0.446
E971A,0.505
E971D,0.477
E971G,0.531
E971K,0.451
E971Q,0.415
E971V,0.633
E975A,0.416
E975D,0.469
E975G,0.438
E975K,0.418
E975Q,0.36
E975V,0.507
E978A,0.482
E978D,0.493
E978G,0.373
E978K,0.516
E978Q,0.432
E978V,0.501
F1000C,0.838
F1000I,0.738
F1000L,0.681
F1000S,0.841
F1000V,0.776
F1000Y,0.545
F106C,0.957
F106I,0.761
F106L,0.724
F106S,0.957
F106V,0.877
F106Y,0.857
F1114C,0.565
F1114I,0.6
F1114L,0.506
F1114S,0.579
F1114V,0.607
F1114Y,0.548
F125C,0.976
F125I,0.947
F125L,0.802
F125S,0.964
F125V,0.944
F125Y,0.764
F129C,0.951
F129I,0.847
F129L,0.737
F129S,0.93
F129V,0.881
F129Y,0.815
F14C,0.836
F14I,0.62
F14L,0.529
F14S,0.742
F14V,0.61
F14Y,0.482
F163C,0.742
F163I,0.649
F163L,0.503
F163S,0.719
F163V,0.705
F163Y,0.604
F22C,0.776
F22I,0.782
F22L,0.728
F22S,0.835
F22V,0.834
F22Y,0.79
F29C,0.913
F29I,0.864
F29L,0.927
F29S,0.913
F29V,0.881
F29Y,0.811
F340C,0.862
F340I,0.774
F340L,0.661
F340S,0.831
F340V,0.823
F340Y,0.769
F348C,0.634
F348I,0.509
F348L,0.454
F348S,0.503
F348V,0.529
F348Y,0.447
F406C,0.92
F406I,0.929
F406L,0.871
F406S,0.948
F406V,0.943
F406Y,0.884
F424C,0.951
F424I,0.812
F424L,0.783
F424S,0.94
F424V,0.809
F424Y,0.824
F431C,0.945
F431I,0.963
F431L,0.965
F431S,0.937
F431V,0.951
F431Y,0.902
F463C,0.981
F463I,0.983
F463L,0.974
F463S,0.986
F463V,0.95
F463Y,0.936
F471C,0.959
F471I,0.955
F471L,0.944
F471S,0.973
F471V,0.97
F471Y,0.926
F48C,0.941
F48I,0.933
F48L,0.912
F48S,0.925
F48V,0.935
F48Y,0.836
F494C,0.939
F494I,0.8
F494L,0.566
F494S,0.927
F494V,0.904
F494Y,0.867
F498C,0.961
F498I,0.96
F498L,0.93
F498S,0.968
F498V,0.959
F498Y,0.9
F508C,0.952
F508I,0.886
F508L,0.836
F508S,0.922
F508V,0.897
F508Y,0.763
F513C,0.871
F513I,0.83
F513L,0.805
F513S,0.794
F513V,0.833
F513Y,0.648
F551C,0.857
F551I,0.733
F551L,0.695
F551S,0.882
F551V,0.768
F551Y,0.737
F557C,0.953
F557I,0.912
F557L,0.878
F557S,0.945
F557V,0.943
F557Y,0.822
F617C,0.94
F617I,0.943
F617L,0.921
F617S,0.942
F617V,0.939
F617Y,0.895
F619C,0.927
F619I,0.911
F619L,0.835
F619S,0.927
F619V,0.905
F619Y,0.919
F627C,0.955
F627I,0.935
F627L,0.933
F627S,0.953
F627V,0.94
F627Y,0.804
F640C,0.901
F640I,0.918
F640L,0.914
F640S,0.914
F640V,0.93
F640Y,0.823
F656C,0.979
F656I,0.923
F656L,0.941
F656S,0.97
F656V,0.926
F656Y,0.935
F683C,0.967
F683I,0.968
F683L,0.954
F683S,0.968
F683V,0.969
F683Y,0.921
F686C,0.922
F686I,0.879
F686L,0.846
F686S,0.914
F686V,0.885
F686Y,0.867
F68C,0.908
F68I,0.851
F68L,0.894
F68S,0.905
F68V,0.898
F68Y,0.854
F701C,0.915
F701I,0.904
F701L,0.901
F701S,0.9
F701V,0.873
F701Y,0.898
F720C,0.866
F720I,0.902
F720L,0.862
F720S,0.924
F720V,0.917
F720Y,0.877
F743C,0.972
F743I,0.966
F743L,0.927
F743S,0.982
F743V,0.96
F743Y,0.912
F758C,0.936
F758I,0.853
F758L,0.832
F758S,0.968
F758V,0.922
F758Y,0.894
F781C,0.942
F781I,0.897
F781L,0.906
F781S,0.966
F781V,0.908
F781Y,0.883
F805C,0.978
F805I,0.972
F805L,0.974
F805S,0.97
F805V,0.968
F805Y,0.968
F848C,0.924
F848I,0.904
F848L,0.884
F848S,0.959
F848V,0.919
F848Y,0.858
F852C,0.951
F852I,0.926
F852L,0.928
F852S,0.973
F852V,0.923
F852Y,0.919
F860C,0.888
F860I,0.91
F860L,0.865
F860S,0.88
F860V,0.882
F860Y,0.697
F881C,0.855
F881I,0.755
F881L,0.745
F881S,0.771
F881V,0.752
F881Y,0.646
F891C,0.821
F891I,0.756
F891L,0.719
F891S,0.785
F891V,0.781
F891Y,0.659
F958C,0.502
F958I,0.557
F958L,0.541
F958S,0.529
F958V,0.534
F958Y,0.525
F98C,0.643
F98I,0.701
F98L,0.547
F98S,0.796
F98V,0.749
F98Y,0.399
F991C,0.762
F991I,0.547
F991L,0.576
F991S,0.586
F991V,0.62
F991Y,0.61
F998C,0.86
F998I,0.721
F998L,0.551
F998S,0.845
F998V,0.749
F998Y,0.543
G1002A,0.709
G1002E,0.644
G1002R,0.779
G1002V,0.734
G1002W,0.819
G1006A,0.618
G1006C,0.716
G1006D,0.566
G1006R,0.704
G1006S,0.485
G1006V,0.754
G1031A,0.57
G1031C,0.568
G1031D,0.611
G1031R,0.607
G1031S,0.627
G1031V,0.579
G1036A,0.57
G1036C,0.453
G1036D,0.566
G1036R,0.611
G1036S,0.495
G1036V,0.565
G103R,0.718
G103W,0.765
G1085A,0.095
G1085E,0.131
G1085R,0.461
G1085V,0.13
G1085W,0.428
G1087A,0.467
G1087C,0.582
G1087D,0.464
G1087R,0.5
G1087S,0.598
G1087V,0.468
G1123A,0.454
G1123E,0.529
G1123R,0.555
G1123V,0.6
G1123W,0.616
G1131A,0.445
G1131C,0.541
G1131D,0.557
G1131R,0.561
G1131S,0.494
G1131V,0.572
G1140A,0.452
G1140C,0.615
G1140D,0.476
G1140R,0.554
G1140S,0.445
G1140V,0.611
G1143A,0.439
G1143E,0.536
G1143R,0.607
G1143V,0.622
G1143W,0.615
G1154A,0.511
G1154C,0.546
G1154D,0.564
G1154R,0.532
G1154S,0.556
G1154V,0.486
G1158A,0.516
G1158C,0.635
G1158D,0.729
G1158R,0.687
G1158S,0.573
G1158V,0.759
G120A,0.844
G120E,0.868
G120R,0.922
G120V,0.882
G120W,0.929
G139A,0.407
G139E,0.399
G139R,0.425
G139V,0.449
G139W,0.593
G149A,0.522
G149C,0.376
G149D,0.377
G149R,0.33
G149S,0.35
G149V,0.365
G158A,0.411
G158C,0.519
G158D,0.439
G158R,0.469
G158S,0.415
G158V,0.556
G183A,0.469
G183C,0.594
G183D,0.552
G183R,0.491
G183S,0.425
G183V,0.575
G184A,0.327
G184C,0.371
G184D,0.369
G184R,0.281
G184S,0.242
G184V,0.343
G186A,0.409
G186C,0.402
G186D,0.494
G186R,0.358
G186S,0.401
G186V,0.415
G187A,0.34
G187C,0.501
G187D,0.464
G187R,0.531
G187S,0.307
G187V,0.363
G189A,0.473
G189C,0.626
G189D,0.58
G189R,0.609
G189S,0.518
G189V,0.594
G192A,0.481
G192E,0.562
G192R,0.577
G192V,0.606
G192W,0.657
G224A,0.287
G224E,0.335
G224R,0.536
G224V,0.52
G224W,0.558
G226A,0.346
G226E,0.365
G226R,0.353
G226V,0.379
G226W,0.42
G236A,0.361
G236C,0.476
G236D,0.446
G236R,0.344
G236S,0.344
G236V,0.438
G238A,0.318
G238C,0.332
G238D,0.408
G238R,0.281
G238S,0.555
G238V,0.39
G246A,0.421
G246C,0.503
G246D,0.516
G246R,0.532
G246S,0.408
G246V,0.423
G24A,0.622
G24C,0.863
G24D,0.765
G24R,0.822
G24S,0.551
G24V,0.879
G262A,0.543
G262C,0.62
G262D,0.615
G262R,0.565
G262S,0.596
G262V,0.569
G294A,0.553
G294E,0.561
G294R,0.597
G294V,0.644
G294W,0.581
G306A,0.651
G306E,0.741
G306R,0.788
G306V,0.715
G306W,0.822
G314A,0.422
G314C,0.628
G314D,0.623
G314R,0.642
G314S,0.523
G314V,0.612
G345A,0.435
G345C,0.503
G345D,0.497
G345R,0.473
G345S,0.49
G345V,0.499
G381A,0.916
G381C,0.966
G381D,0.952
G381R,0.933
G381S,0.898
G381V,0.959
G439A,0.615
G439C,0.588
G439D,0.589
G439R,0.487
G439S,0.489
G439V,0.578
G446A,0.647
G446C,0.742
G446D,0.749
G446R,0.729
G446S,0.565
G446V,0.748
G47A,0.774
G47C,0.949
G47D,0.953
G47R,0.941
G47S,0.92
G47V,0.951
G487A,0.537
G487C,0.702
G487D,0.68
G487R,0.613
G487S,0.536
G487V,0.697
G496A,0.945
G496C,0.969
G496D,0.958
G496R,0.967
G496S,0.887
G496V,0.971
G514A,0.804
G514C,0.803
G514D,0.873
G514R,0.628
G514S,0.724
G514V,0.88
G516A,0.843
G516C,0.948
G516D,0.851
G516R,0.949
G516S,0.843
G516V,0.922
G522A,0.752
G522E,0.822
G522R,0.863
G522V,0.858
G522W,0.862
G53A,0.917
G53C,0.915
G53D,0.957
G53R,0.934
G53S,0.928
G53V,0.965
G546A,0.896
G546C,0.953
G546D,0.961
G546R,0.95
G546S,0.901
G546V,0.943
G572A,0.922
G572C,0.976
G572D,0.97
G572R,0.967
G572S,0.959
G572V,0.958
G584A,0.912
G584C,0.978
G584D,0.923
G584R,0.978
G584S,0.866
G584V,0.936
G590A,0.686
G590C,0.947
G590D,0.785
G590R,0.91
G590S,0.768
G590V,0.851
G594A,0.759
G594C,0.86
G594D,0.875
G594R,0.789
G594S,0.79
G594V,0.878
G601A,0.637
G601C,0.738
G601D,0.588
G601R,0.689
G601S,0.631
G601V,0.649
G603A,0.684
G603C,0.716
G603D,0.875
G603R,0.695
G603S,0.53
G603V,0.743
G604A,0.936
G604C,0.945
G604D,0.956
G604R,0.954
G604S,0.958
G604V,0.945
G626A,0.951
G626C,0.981
G626D,0.935
G626R,0.969
G626S,0.983
G626V,0.939
G628A,0.985
G628C,0.957
G628D,0.985
G628R,0.981
G628S,0.967
G628V,0.985
G648A,0.934
G648C,0.983
G648D,0.986
G648R,0.983
G648S,0.974
G648V,0.979
G657A,0.977
G657C,0.99
G657D,0.991
G657R,0.988
G657S,0.982
G657V,0.987
G669A,0.812
G669C,0.917
G669D,0.894
G669R,0.859
G669S,0.825
G669V,0.912
G6A,0.78
G6C,0.866
G6D,0.856
G6R,0.825
G6S,0.798
G6V,0.901
G710A,0.909
G710C,0.916
G710D,0.921
G710R,0.883
G710S,0.892
G710V,0.916
G719A,0.869
G719C,0.873
G719D,0.842
G719R,0.866
G719S,0.792
G719V,0.888
G71A,0.869
G71E,0.918
G71R,0.914
G71V,0.906
G71W,0.857
G745A,0.739
G745E,0.832
G745R,0.877
G745V,0.874
G745W,0.885
G749A,0.825
G749C,0.913
G749D,0.904
G749R,0.924
G749S,0.836
G749V,0.967
G766A,0.975
G766E,0.966
G766R,0.958
G766V,0.976
G766W,0.972
G773A,0.975
G773E,0.977
G773R,0.963
G773V,0.976
G773W,0.979
G785A,0.982
G785C,0.982
G785D,0.983
G785R,0.975
G785S,0.968
G785V,0.982
G792A,0.603
G792C,0.746
G792D,0.547
G792R,0.702
G792S,0.651
G792V,0.674
G800A,0.905
G800C,0.983
G800D,0.952
G800E,0.931
G800R,0.945
G800S,0.931
G800V,0.947
G800W,0.979
G806A,0.37
G806C,0.466
G806D,0.441
G806E,0.963
G806R,0.451
G806S,0.307
G806V,0.376
G806W,0.957
G816A,0.834
G816C,0.876
G816D,0.924
G816R,0.833
G816S,0.811
G816V,0.874
G820A,0.476
G820E,0.731
G820R,0.779
G820V,0.604
G820W,0.768
G870A,0.651
G870C,0.777
G870D,0.7
G870R,0.688
G870S,0.623
G870V,0.764
G873A,0.514
G873C,0.648
G873D,0.597
G873R,0.673
G873S,0.481
G873V,0.617
G879A,0.43
G879C,0.624
G879D,0.496
G879R,0.609
G879S,0.418
G879V,0.653
G880A,0.662
G880C,0.738
G880D,0.666
G880R,0.717
G880S,0.623
G880V,0.722
G88A,0.674
G88C,0.849
G88D,0.771
G88R,0.79
G88S,0.752
G88V,0.843
G903A,0.698
G903E,0.685
G903R,0.745
G903V,0.804
G903W,0.801
G909A,0.608
G909E,0.655
G909R,0.599
G909V,0.632
G909W,0.651
G911A,0.481
G911C,0.619
G911D,0.643
G911R,0.637
G911S,0.393
G911V,0.641
G914A,0.486
G914E,0.6
G914R,0.485
G914V,0.636
G914W,0.615
G916A,0.354
G916E,0.548
G916R,0.533
G916V,0.567
G916W,0.672
G921A,0.417
G921C,0.45
G921D,0.542
G921R,0.579
G921S,0.518
G921V,0.499
G924A,0.593
G924E,0.582
G924R,0.548
G924V,0.614
G924W,0.586
G925A,0.348
G925E,0.364
G925R,0.649
G925V,0.64
G925W,0.641
G928A,0.465
G928E,0.586
G928R,0.532
G928V,0.586
G928W,0.616
G934A,0.511
G934C,0.566
G934D,0.518
G934R,0.517
G934S,0.496
G934V,0.5
G945A,0.384
G945C,0.489
G945D,0.518
G945R,0.502
G945S,0.434
G945V,0.531
G947A,0.517
G947C,0.579
G947D,0.522
G947R,0.524
G947S,0.566
G947V,0.562
G965A,0.303
G965E,0.487
G965R,0.348
G965V,0.451
G969A,0.295
G969C,0.492
G969D,0.529
G969R,0.53
G969S,0.304
G969V,0.569
G970A,0.378
G970E,0.605
G970R,0.528
G970V,0.592
G970W,0.583
G989A,0.551
G989C,0.663
G989D,0.591
G989R,0.716
G989S,0.648
G989V,0.664
G993A,0.639
G993E,0.658
G993R,0.718
G993V,0.718
H1151D,0.642
H1151L,0.662
H1151N,0.491
H1151P,0.658
H1151Q,0.531
H1151R,0.64
H1151Y,0.543
H1153D,0.856
H1153L,0.791
H1153N,0.735
H1153P,0.775
H1153Q,0.601
H1153R,0.78
H1153Y,0.885
H143D,0.312
H143L,0.304
H143N,0.306
H143P,0.335
H143Q,0.227
H143R,0.273
H143Y,0.371
H147D,0.595
H147L,0.625
H147N,0.43
H147P,0.667
H147Q,0.538
H147R,0.529
H147Y,0.678
H221D,0.579
H221L,0.471
H221N,0.394
H221P,0.6
H221Q,0.77
H221R,0.412
H221Y,0.577
H254D,0.489
H254L,0.529
H254N,0.394
H254P,0.596
H254Q,0.49
H254R,0.471
H254Y,0.468
H302D,0.546
H302L,0.542
H302N,0.5
H302P,0.519
H302Q,0.561
H302R,0.556
H302Y,0.545
H309D,0.646
H309L,0.679
H309N,0.521
H309P,0.724
H309Q,0.65
H309R,0.692
H309Y,0.651
H368D,0.735
H368L,0.762
H368N,0.582
H368P,0.754
H368Q,0.472
H368R,0.611
H368Y,0.674
H396D,0.72
H396L,0.874
H396N,0.634
H396P,0.785
H396Q,0.702
H396R,0.792
H396Y,0.808
H402D,0.928
H402L,0.913
H402N,0.927
H402P,0.914
H402Q,0.868
H402R,0.963
H402Y,0.943
H485D,0.774
H485L,0.913
H485N,0.62
H485P,0.914
H485Q,0.581
H485R,0.866
H485Y,0.941
H492D,0.923
H492L,0.957
H492N,0.763
H492P,0.952
H492Q,0.802
H492R,0.903
H492Y,0.95
H562D,0.923
H562L,0.965
H562N,0.891
H562P,0.964
H562Q,0.92
H562R,0.96
H562Y,0.938
H578D,0.597
H578L,0.603
H578N,0.485
H578P,0.701
H578Q,0.665
H578R,0.653
H578Y,0.593
H587D,0.495
H587L,0.75
H587N,0.551
H587P,0.831
H587Q,0.755
H587R,0.779
H587Y,0.624
H674D,0.907
H674L,0.904
H674N,0.881
H674P,0.929
H674Q,0.83
H674R,0.887
H674Y,0.91
H687D,0.904
H687L,0.897
H687N,0.828
H687P,0.922
H687Q,0.795
H687R,0.889
H687Y,0.91
H703D,0.897
H703L,0.87
H703N,0.868
H703P,0.915
H703Q,0.638
H703R,0.869
H703Y,0.823
H70D,0.766
H70L,0.744
H70N,0.698
H70P,0.837
H70Q,0.669
H70R,0.822
H70Y,0.561
H731D,0.843
H731L,0.905
H731N,0.807
H731P,0.93
H731Q,0.75
H731R,0.928
H731Y,0.881
H739D,0.562
H739L,0.639
H739N,0.43
H739P,0.703
H739Q,0.58
H739R,0.577
H739Y,0.614
H762D,0.841
H762L,0.862
H762N,0.754
H762P,0.893
H762Q,0.66
H762R,0.828
H762Y,0.771
H771D,0.848
H771L,0.873
H771N,0.732
H771P,0.919
H771Q,0.681
H771R,0.859
H771Y,0.799
H7D,0.78
H7L,0.495
H7N,0.65
H7P,0.791
H7Q,0.599
H7R,0.565
H7Y,0.713
H831D,0.93
H831L,0.85
H831N,0.844
H831P,0.929
H831Q,0.824
H831R,0.938
H831Y,0.869
H834D,0.612
H834L,0.582
H834N,0.519
H834P,0.626
H834Q,0.553
H834R,0.589
H834Y,0.629
H851D,0.654
H851L,0.681
H851N,0.618
H851P,0.71
H851Q,0.678
H851R,0.717
H851Y,0.575
I1025F,0.623
I1025L,0.48
I1025M,0.446
I1025N,0.61
I1025S,0.579
I1025T,0.544
I1025V,0.531
I123F,0.827
I123L,0.496
I123M,0.543
I123N,0.898
I123S,0.874
I123T,0.777
I123V,0.42
I126F,0.819
I126L,0.561
I126M,0.86
I126N,0.92
I126S,0.926
I126T,0.878
I126V,0.557
I18F,0.664
I18L,0.546
I18M,0.827
I18N,0.809
I18S,0.845
I18T,0.819
I18V,0.52
I19F,0.795
I19L,0.557
I19M,0.658
I19N,0.874
I19S,0.844
I19T,0.831
I19V,0.507
I288F,0.651
I288L,0.599
I288M,0.579
I288N,0.821
I288S,0.778
I288T,0.78
I288V,0.691
I30F,0.686
I30L,0.437
I30M,0.686
I30N,0.851
I30S,0.797
I30T,0.825
I30V,0.411
I31F,0.861
I31L,0.526
I31M,0.801
I31N,0.932
I31S,0.93
I31T,0.924
I31V,0.451
I330F,0.734
I330L,0.612
I330M,0.63
I330N,0.737
I330S,0.677
I330T,0.724
I330V,0.505
I333F,0.681
I333L,0.593
I333M,0.637
I333N,0.712
I333S,0.795
I333T,0.783
I333V,0.456
I336F,0.255
I336L,0.36
I336M,0.544
I336N,0.787
I336S,0.745
I336T,0.706
I336V,0.309
I358F,0.727
I358L,0.542
I358M,0.729
I358N,0.87
I358S,0.898
I358T,0.877
I358V,0.611
I359K,0.843
I359L,0.4
I359M,0.609
I359R,0.83
I359T,0.852
I359V,0.401
I363K,0.787
I363L,0.383
I363M,0.679
I363R,0.807
I363T,0.767
I363V,0.378
I395F,0.901
I395L,0.752
I395M,0.647
I395N,0.875
I395S,0.918
I395T,0.808
I395V,0.645
I400F,0.9
I400L,0.632
I400M,0.771
I400N,0.931
I400S,0.948
I400T,0.928
I400V,0.609
I414F,0.937
I414L,0.877
I414M,0.841
I414N,0.925
I414S,0.934
I414T,0.944
I414V,0.8
I419F,0.845
I419L,0.687
I419M,0.78
I419N,0.956
I419S,0.95
I419T,0.937
I419V,0.78
I42F,0.896
I42L,0.687
I42M,0.828
I42N,0.921
I42S,0.914
I42T,0.923
I42V,0.495
I458F,0.745
I458L,0.543
I458M,0.612
I458N,0.854
I458S,0.905
I458T,0.838
I458V,0.538
I461F,0.921
I461L,0.735
I461M,0.856
I461N,0.95
I461S,0.947
I461T,0.946
I461V,0.578
I464F,0.913
I464L,0.719
I464M,0.762
I464N,0.954
I464S,0.948
I464T,0.948
I464V,0.582
I467F,0.956
I467L,0.874
I467M,0.831
I467N,0.949
I467S,0.972
I467T,0.974
I467V,0.829
I469F,0.973
I469L,0.765
I469M,0.839
I469N,0.963
I469S,0.971
I469T,0.966
I469V,0.807
I489F,0.985
I489L,0.86
I489M,0.735
I489N,0.973
I489S,0.989
I489T,0.981
I489V,0.852
I500F,0.947
I500L,0.808
I500M,0.661
I500N,0.93
I500S,0.957
I500T,0.955
I500V,0.807
I506F,0.901
I506L,0.63
I506M,0.857
I506N,0.954
I506S,0.946
I506T,0.957
I506V,0.64
I512F,0.841
I512L,0.644
I512M,0.743
I512N,0.869
I512S,0.924
I512T,0.87
I512V,0.579
I521F,0.89
I521L,0.742
I521M,0.68
I521N,0.905
I521S,0.918
I521T,0.854
I521V,0.703
I560F,0.961
I560L,0.77
I560M,0.77
I560N,0.928
I560S,0.945
I560T,0.93
I560V,0.698
I567F,0.889
I567L,0.788
I567M,0.884
I567N,0.924
I567S,0.92
I567T,0.915
I567V,0.731
I571F,0.946
I571L,0.836
I571M,0.752
I571N,0.946
I571S,0.968
I571T,0.948
I571V,0.766
I583F,0.846
I583L,0.757
I583M,0.733
I583N,0.806
I583S,0.844
I583T,0.789
I583V,0.725
I593K,0.94
I593L,0.549
I593M,0.675
I593R,0.957
I593T,0.782
I593V,0.717
I607F,0.917
I607L,0.68
I607M,0.806
I607N,0.871
I607S,0.85
I607T,0.745
I607V,0.658
I639F,0.884
I639L,0.754
I639M,0.882
I639N,0.969
I639S,0.965
I639T,0.949
I639V,0.675
I642F,0.913
I642L,0.821
I642M,0.818
I642N,0.948
I642S,0.945
I642T,0.907
I642V,0.7
I647F,0.861
I647L,0.7
I647M,0.725
I647N,0.935
I647S,0.944
I647T,0.869
I647V,0.671
I655F,0.908
I655L,0.839
I655M,0.858
I655N,0.951
I655S,0.952
I655T,0.958
I655V,0.787
I662F,0.952
I662L,0.869
I662M,0.896
I662N,0.959
I662S,0.974
I662T,0.975
I662V,0.855
I663F,0.949
I663L,0.875
I663M,0.889
I663N,0.968
I663S,0.981
I663T,0.971
I663V,0.83
I684F,0.934
I684L,0.796
I684M,0.85
I684N,0.929
I684S,0.953
I684T,0.934
I684V,0.757
I689F,0.936
I689L,0.812
I689M,0.757
I689N,0.961
I689S,0.972
I689T,0.97
I689V,0.711
I711F,0.925
I711L,0.73
I711M,0.789
I711N,0.914
I711S,0.949
I711T,0.932
I711V,0.848
I728F,0.976
I728L,0.812
I728M,0.879
I728N,0.951
I728S,0.945
I728T,0.948
I728V,0.776
I782F,0.932
I782L,0.614
I782M,0.84
I782N,0.954
I782S,0.974
I782T,0.961
I782V,0.553
I787F,0.92
I787L,0.744
I787M,0.716
I787N,0.941
I787S,0.965
I787T,0.946
I787V,0.654
I789F,0.939
I789L,0.87
I789M,0.908
I789N,0.946
I789S,0.957
I789T,0.956
I789V,0.627
I798F,0.933
I798L,0.826
I798M,0.868
I798N,0.932
I798S,0.946
I798T,0.91
I798V,0.745
I804F,0.89
I804L,0.754
I804M,0.771
I804N,0.946
I804S,0.884
I804T,0.873
I804V,0.591
I82F,0.65
I82L,0.485
I82M,0.452
I82N,0.803
I82S,0.79
I82T,0.787
I82V,0.474
I833F,0.973
I833L,0.833
I833M,0.9
I833N,0.919
I833S,0.953
I833T,0.945
I833V,0.852
I858F,0.864
I858L,0.612
I858M,0.787
I858N,0.944
I858S,0.956
I858T,0.96
I858V,0.644
I868F,0.756
I868L,0.647
I868M,0.709
I868N,0.793
I868S,0.701
I868T,0.695
I868V,0.636
I96F,0.766
I96L,0.453
I96M,0.669
I96N,0.904
I96S,0.922
I96T,0.912
I96V,0.431
I997F,0.764
I997L,0.512
I997M,0.634
I997N,0.858
I997S,0.822
I997T,0.796
I997V,0.506
K101E,0.958
K101I,0.892
K101N,0.818
K101Q,0.923
K101R,0.819
K101T,0.893
K116E,0.861
K116M,0.886
K116N,0.748
K116Q,0.798
K116R,0.54
K116T,0.828
K135E,0.417
K135M,0.448
K135N,0.259
K135Q,0.392
K135R,0.373
K135T,0.372
K161E,0.467
K161M,0.486
K161N,0.407
K161Q,0.364
K161R,0.263
K161T,0.403
K166E,0.497
K166M,0.738
K166N,0.449
K166Q,0.431
K166R,0.349
K166T,0.523
K21E,0.735
K21M,0.89
K21N,0.699
K21Q,0.738
K21R,0.523
K21T,0.871
K28E,0.865
K28M,0.829
K28N,0.624
K28Q,0.8
K28R,0.608
K28T,0.811
K332E,0.62
K332M,0.69
K332N,0.55
K332Q,0.363
K332R,0.396
K332T,0.655
K344E,0.708
K344M,0.735
K344N,0.412
K344Q,0.664
K344R,0.647
K344T,0.728
K362E,0.933
K362M,0.882
K362N,0.697
K362Q,0.875
K362R,0.812
K362T,0.818
K364E,0.793
K364M,0.748
K364N,0.754
K364Q,0.8
K364R,0.706
K364T,0.731
K373E,0.892
K373M,0.918
K373N,0.65
K373Q,0.883
K373R,0.803
K373T,0.921
K389E,0.946
K389M,0.956
K389N,0.814
K389Q,0.945
K389R,0.856
K389T,0.95
K407E,0.943
K407M,0.941
K407N,0.872
K407Q,0.927
K407R,0.927
K407T,0.948
K434E,0.654
K434M,0.804
K434N,0.481
K434Q,0.667
K434R,0.619
K434T,0.646
K495E,0.931
K495M,0.949
K495N,0.766
K495Q,0.865
K495R,0.784
K495T,0.893
K525E,0.949
K525M,0.954
K525N,0.764
K525Q,0.927
K525R,0.812
K525T,0.96
K538E,0.963
K538M,0.957
K538N,0.909
K538Q,0.921
K538R,0.866
K538T,0.948
K595E,0.801
K595I,0.776
K595N,0.673
K595Q,0.733
K595R,0.689
K595T,0.766
K608E,0.738
K608M,0.905
K608N,0.625
K608Q,0.721
K608R,0.63
K608T,0.751
K610E,0.846
K610M,0.901
K610N,0.841
K610Q,0.777
K610R,0.715
K610T,0.917
K638E,0.879
K638M,0.894
K638N,0.951
K638Q,0.808
K638R,0.809
K638T,0.91
K718E,0.888
K718M,0.936
K718N,0.682
K718Q,0.852
K718R,0.822
K718T,0.903
K741E,0.727
K741I,0.791
K741N,0.509
K741Q,0.745
K741R,0.643
K741T,0.723
K748E,0.72
K748M,0.83
K748N,0.481
K748Q,0.678
K748R,0.737
K748T,0.798
K757E,0.802
K757M,0.848
K757N,0.819
K757Q,0.849
K757R,0.52
K757T,0.845
K759E,0.878
K759M,0.889
K759N,0.772
K759Q,0.805
K759R,0.663
K759T,0.795
K801E,0.876
K801M,0.895
K801N,0.753
K801Q,0.856
K801R,0.8
K801T,0.901
K817E,0.843
K817M,0.935
K817N,0.776
K817Q,0.759
K817R,0.768
K817T,0.923
K832E,0.853
K832M,0.825
K832N,0.913
K832Q,0.811
K832R,0.654
K832T,0.7
K886E,0.468
K886M,0.563
K886N,0.436
K886Q,0.449
K886R,0.468
K886T,0.525
K888E,0.317
K888M,0.309
K888N,0.253
K888Q,0.315
K888R,0.278
K888T,0.284
K897E,0.647
K897M,0.661
K897N,0.496
K897Q,0.647
K897R,0.564
K897T,0.464
K93E,0.678
K93I,0.744
K93N,0.58
K93Q,0.592
K93R,0.441
K93T,0.713
K979E,0.47
K979M,0.605
K979N,0.433
K979Q,0.464
K979R,0.411
K979T,0.572
L1012F,0.518
L1012H,0.54
L1012I,0.511
L1012P,0.527
L1012R,0.557
L1012V,0.559
L1022F,0.476
L1022H,0.515
L1022I,0.391
L1022P,0.574
L1022R,0.538
L1022V,0.512
L1023F,0.6
L1023H,0.529
L1023I,0.457
L1023P,0.528
L1023R,0.608
L1023V,0.569
L1027F,0.53
L1027H,0.555
L1027I,0.436
L1027P,0.569
L1027R,0.548
L1027V,0.614
L1042M,0.696
L1042P,0.918
L1042Q,0.875
L1042R,0.914
L1042V,0.72
L1045F,0.845
L1045H,0.892
L1045I,0.654
L1045P,0.933
L1045R,0.893
L1045V,0.761
L1049F,0.72
L1049H,0.877
L1049I,0.564
L1049P,0.971
L1049R,0.914
L1049V,0.66
L1052M,0.627
L1052P,0.757
L1052Q,0.716
L1052R,0.775
L1052V,0.689
L1056M,0.415
L1056P,0.818
L1056Q,0.761
L1056R,0.745
L1056V,0.491
L1064M,0.519
L1064P,0.88
L1064Q,0.847
L1064R,0.896
L1064V,0.634
L1066M,0.76
L1066P,0.904
L1066Q,0.857
L1066R,0.882
L1066V,0.896
L1067I,0.55
L1067P,0.851
L1067Q,0.818
L1067R,0.857
L1067V,0.657
L1073M,0.424
L1073P,0.484
L1073Q,0.492
L1073R,0.627
L1073V,0.532
L107I,0.466
L107P,0.652
L107Q,0.724
L107R,0.636
L107V,0.491
L1094M,0.512
L1094P,0.594
L1094Q,0.563
L1094R,0.58
L1094V,0.588
L1095F,0.549
L1095M,0.415
L1095S,0.597
L1095V,0.552
L1095W,0.573
L109M,0.52
L109P,0.968
L109Q,0.737
L109R,0.712
L109V,0.55
L1100F,0.521
L1100H,0.562
L1100I,0.489
L1100P,0.571
L1100R,0.583
L1100V,0.554
L1103F,0.496
L1103H,0.554
L1103I,0.41
L1103P,0.582
L1103R,0.615
L1103V,0.523
L1105F,0.551
L1105H,0.051
L1105M,0.532
L1105P,0.059
L1105R,0.071
L1105S,0.56
L1105V,0.566
L1105W,0.58
L1108F,0.403
L1108H,0.523
L1108I,0.393
L1108P,0.511
L1108R,0.622
L1108V,0.44
L1120M,0.496
L1120P,0.692
L1120Q,0.635
L1120R,0.637
L1120V,0.565
L1127F,0.571
L1127H,0.602
L1127I,0.541
L1127P,0.587
L1127R,0.634
L1127V,0.55
L1136F,0.657
L1136H,0.651
L1136I,0.525
L1136P,0.521
L1136R,0.628
L1136V,0.593
L1138I,0.552
L1138P,0.807
L1138Q,0.711
L1138R,0.75
L1138V,0.613
L1142M,0.599
L1142P,0.533
L1142Q,0.652
L1142R,0.772
L1142V,0.563
L1145F,0.537
L1145H,0.673
L1145I,0.404
L1145P,0.568
L1145R,0.693
L1145V,0.493
L1150M,0.553
L1150P,0.572
L1150Q,0.68
L1150R,0.77
L1150V,0.588
L127F,0.784
L127H,0.937
L127I,0.522
L127P,0.933
L127R,0.948
L127V,0.576
L155M,0.315
L155P,0.601
L155Q,0.432
L155R,0.406
L155V,0.375
L15M,0.708
L15P,0.874
L15Q,0.88
L15R,0.893
L15V,0.731
L165M,0.395
L165P,0.735
L165Q,0.702
L165R,0.711
L165V,0.345
L167M,0.453
L167P,0.773
L167Q,0.685
L167R,0.766
L167V,0.502
L170M,0.435
L170P,0.776
L170Q,0.712
L170R,0.732
L170V,0.444
L171M,0.425
L171P,0.459
L171Q,0.514
L171R,0.468
L171V,0.368
L173M,0.379
L173P,0.721
L173Q,0.704
L173R,0.64
L173V,0.415
L200M,0.36
L200P,0.582
L200Q,0.513
L200R,0.569
L200V,0.457
L210M,0.372
L210P,0.567
L210Q,0.554
L210R,0.617
L210V,0.319
L212M,0.356
L212P,0.632
L212Q,0.642
L212R,0.655
L212V,0.41
L225F,0.335
L225H,0.388
L225I,0.32
L225P,0.2
L225R,0.456
L225V,0.331
L234M,0.412
L234P,0.481
L234Q,0.613
L234R,0.63
L234V,0.47
L248F,0.38
L248H,0.345
L248I,0.363
L248P,0.416
L248R,0.542
L248V,0.381
L256F,0.677
L256H,0.747
L256I,0.575
L256P,0.675
L256R,0.594
L256V,0.651
L267M,0.54
L267P,0.646
L267Q,0.614
L267R,0.653
L267V,0.615
L296M,0.455
L296P,0.53
L296Q,0.582
L296R,0.553
L296V,0.501
L311M,0.537
L311P,0.726
L311Q,0.726
L311R,0.707
L311V,0.62
L315F,0.402
L315M,0.538
L315S,0.724
L315V,0.605
L315W,0.69
L316F,0.628
L316H,0.705
L316I,0.522
L316P,0.68
L316R,0.668
L316V,0.581
L324F,0.617
L324H,0.888
L324I,0.622
L324P,0.921
L324R,0.864
L324V,0.696
L338F,0.75
L338H,0.714
L338I,0.582
L338P,0.856
L338R,0.822
L338V,0.724
L343F,0.346
L343H,0.715
L343I,0.448
L343P,0.733
L343R,0.704
L343V,0.472
L349F,0.545
L349M,0.537
L349S,0.586
L349V,0.466
L349W,0.643
L378M,0.79
L378P,0.956
L378Q,0.962
L378R,0.948
L378V,0.859
L380M,0.71
L380P,0.936
L380Q,0.932
L380R,0.928
L380V,0.744
L385M,0.787
L385P,0.968
L385Q,0.98
L385R,0.964
L385V,0.866
L390M,0.837
L390P,0.951
L390Q,0.902
L390R,0.952
L390V,0.827
L401M,0.759
L401P,0.929
L401Q,0.903
L401R,0.918
L401V,0.777
L413F,0.743
L413H,0.896
L413I,0.505
L413P,0.951
L413R,0.934
L413V,0.532
L415M,0.846
L415P,0.964
L415Q,0.931
L415R,0.959
L415V,0.843
L416M,0.895
L416P,0.967
L416Q,0.944
L416R,0.974
L416V,0.827
L417M,0.869
L417P,0.961
L417Q,0.953
L417R,0.973
L417V,0.816
L432M,0.79
L432P,0.902
L432Q,0.892
L432R,0.925
L432V,0.699
L433M,0.795
L433P,0.947
L433Q,0.945
L433R,0.938
L433V,0.832
L452M,0.729
L452P,0.966
L452Q,0.96
L452R,0.968
L452V,0.759
L457F,0.654
L457H,0.924
L457I,0.626
L457P,0.951
L457R,0.934
L457V,0.715
L468F,0.717
L468H,0.938
L468I,0.571
L468P,0.928
L468R,0.951
L468V,0.583
L499F,0.777
L499H,0.946
L499I,0.597
L499P,0.915
L499R,0.96
L499V,0.77
L510M,0.708
L510P,0.981
L510Q,0.945
L510R,0.97
L510V,0.74
L511F,0.836
L511H,0.954
L511I,0.751
L511P,0.982
L511R,0.979
L511V,0.852
L51M,0.462
L51P,0.837
L51Q,0.798
L51R,0.74
L51V,0.564
L520M,0.766
L520P,0.88
L520Q,0.907
L520R,0.894
L520V,0.821
L523M,0.639
L523P,0.919
L523Q,0.9
L523R,0.855
L523V,0.644
L524M,0.794
L524P,0.961
L524Q,0.97
L524R,0.979
L524V,0.818
L529M,0.871
L529P,0.945
L529Q,0.944
L529R,0.985
L529V,0.901
L530M,0.82
L530P,0.963
L530Q,0.951
L530R,0.966
L530V,0.866
L532M,0.77
L532P,0.959
L532Q,0.943
L532R,0.975
L532V,0.806
L539M,0.83
L539P,0.973
L539Q,0.959
L539R,0.982
L539V,0.868
L550M,0.867
L550P,0.96
L550Q,0.907
L550R,0.961
L550V,0.899
L552F,0.643
L552M,0.739
L552S,0.948
L552V,0.772
L552W,0.921
L553F,0.931
L553H,0.928
L553I,0.873
L553P,0.938
L553R,0.954
L553V,0.914
L559F,0.948
L559H,0.984
L559I,0.878
L559P,0.983
L559R,0.976
L559V,0.932
L564I,0.755
L564P,0.971
L564Q,0.962
L564R,0.97
L564V,0.803
L586M,0.791
L586P,0.96
L586Q,0.95
L586R,0.965
L586V,0.831
L589M,0.783
L589P,0.965
L589Q,0.947
L589R,0.972
L589V,0.814
L602M,0.499
L602P,0.441
L602Q,0.686
L602R,0.632
L602V,0.422
L615F,0.925
L615H,0.964
L615I,0.828
L615P,0.965
L615R,0.974
L615V,0.912
L622F,0.957
L622H,0.943
L622I,0.843
L622P,0.938
L622R,0.94
L622V,0.948
L646F,0.917
L646H,0.974
L646I,0.815
L646P,0.97
L646R,0.987
L646V,0.858
L650F,0.929
L650H,0.971
L650I,0.863
L650P,0.976
L650R,0.99
L650V,0.92
L666M,0.759
L666P,0.974
L666Q,0.934
L666R,0.958
L666V,0.829
L678M,0.746
L678P,0.957
L678Q,0.854
L678R,0.85
L678V,0.818
L693M,0.726
L693P,0.942
L693Q,0.958
L693R,0.963
L693V,0.823
L697F,0.881
L697H,0.932
L697I,0.743
L697P,0.962
L697R,0.945
L697V,0.748
L69M,0.736
L69P,0.949
L69Q,0.948
L69R,0.943
L69V,0.855
L717M,0.815
L717P,0.951
L717Q,0.921
L717R,0.949
L717V,0.852
L724M,0.762
L724P,0.938
L724Q,0.931
L724R,0.906
L724V,0.896
L730M,0.772
L730P,0.954
L730Q,0.897
L730R,0.889
L730V,0.786
L732M,0.757
L732P,0.976
L732Q,0.951
L732R,0.951
L732V,0.784
L736M,0.73
L736P,0.972
L736Q,0.95
L736R,0.958
L736V,0.674
L737M,0.816
L737P,0.978
L737Q,0.954
L737R,0.973
L737V,0.836
L751F,0.907
L751H,0.923
L751I,0.829
L751P,0.966
L751R,0.959
L751V,0.876
L754M,0.879
L754P,0.974
L754Q,0.969
L754R,0.978
L754V,0.905
L769M,0.866
L769P,0.981
L769Q,0.984
L769R,0.986
L769V,0.826
L775M,0.608
L775P,0.807
L775Q,0.778
L775R,0.785
L775V,0.494
L776F,0.907
L776H,0.94
L776I,0.587
L776P,0.919
L776R,0.953
L776V,0.744
L779M,0.797
L779P,0.969
L779Q,0.962
L779R,0.974
L779V,0.804
L790M,0.791
L790P,0.964
L790Q,0.906
L790R,0.962
L790V,0.775
L799M,0.806
L799P,0.987
L799Q,0.977
L799R,0.99
L799V,0.884
L809M,0.29
L809P,0.283
L809Q,0.387
L809R,0.355
L809V,0.331
L811M,0.756
L811P,0.955
L811Q,0.939
L811R,0.947
L811V,0.809
L825F,0.887
L825H,0.942
L825I,0.792
L825P,0.968
L825R,0.946
L825V,0.793
L830I,0.807
L830P,0.963
L830Q,0.968
L830R,0.971
L830V,0.832
L838M,0.744
L838P,0.957
L838Q,0.951
L838R,0.959
L838V,0.779
L839M,0.805
L839P,0.927
L839Q,0.867
L839R,0.835
L839V,0.803
L842F,0.24
L842I,0.372
L842M,0.76
L842P,0.952
L842Q,0.946
L842R,0.94
L842S,0.314
L842V,0.369
L856M,0.724
L856P,0.972
L856Q,0.94
L856R,0.962
L856V,0.741
L862M,0.767
L862P,0.967
L862Q,0.947
L862R,0.965
L862V,0.803
L86M,0.727
L86P,0.956
L86Q,0.935
L86R,0.898
L86V,0.661
L877F,0.468
L877I,0.399
L877S,0.41
L877V,0.482
L87M,0.573
L87P,0.849
L87Q,0.648
L87R,0.708
L87V,0.512
L889F,0.662
L889M,0.593
L889S,0.692
L889V,0.667
L889W,0.818
L908F,0.599
L908M,0.389
L908S,0.582
L908V,0.545
L908W,0.57
L953F,0.516
L953H,0.579
L953I,0.458
L953P,0.557
L953R,0.573
L953V,0.514
L955M,0.387
L955P,0.587
L955Q,0.526
L955R,0.585
L955V,0.597
L973M,0.372
L973P,0.577
L973Q,0.587
L973R,0.594
L973V,0.444
L987M,0.5
L987P,0.729
L987Q,0.666
L987R,0.728
L987V,0.52
M1060I,0.411
M1060K,0.695
M1060L,0.393
M1060R,0.73
M1060T,0.662
M1060V,0.411
M1071I,0.405
M1071K,0.664
M1071L,0.457
M1071R,0.66
M1071T,0.406
M1071V,0.461
M1115I,0.499
M1115K,0.584
M1115L,0.576
M1115R,0.602
M1115T,0.589
M1115V,0.546
M124I,0.809
M124K,0.919
M124L,0.562
M124R,0.896
M124T,0.941
M124V,0.85
M133I,0.433
M133K,0.568
M133L,0.404
M133R,0.564
M133T,0.438
M133V,0.436
M137I,0.346
M137K,0.412
M137L,0.252
M137R,0.413
M137T,0.404
M137V,0.266
M1I,0.791
M1K,0.665
M1L,0.772
M1R,0.726
M1T,0.726
M1V,0.774
M218I,0.346
M218K,0.377
M218L,0.434
M218R,0.388
M218T,0.415
M218V,0.563
M291I,0.603
M291K,0.759
M291L,0.631
M291R,0.769
M291T,0.744
M291V,0.68
M308I,0.609
M308K,0.707
M308L,0.568
M308R,0.727
M308T,0.666
M308V,0.608
M462I,0.817
M462K,0.962
M462L,0.745
M462R,0.963
M462T,0.889
M462V,0.878
M502I,0.605
M502K,0.945
M502L,0.475
M502R,0.946
M502T,0.891
M502V,0.65
M554I,0.902
M554K,0.953
M554L,0.762
M554R,0.971
M554T,0.874
M554V,0.848
M574I,0.643
M574K,0.807
M574L,0.609
M574R,0.858
M574T,0.759
M574V,0.568
M579I,0.61
M579K,0.614
M579L,0.533
M579R,0.703
M579T,0.627
M579V,0.456
M60I,0.608
M60K,0.789
M60L,0.535
M60R,0.764
M60T,0.704
M60V,0.628
M645I,0.977
M645K,0.95
M645L,0.945
M645R,0.944
M645T,0.904
M645V,0.951
M651I,0.933
M651K,0.978
M651L,0.835
M651R,0.981
M651T,0.951
M651V,0.899
M677I,0.851
M677K,0.906
M677L,0.67
M677R,0.918
M677T,0.911
M677V,0.862
M713I,0.839
M713K,0.854
M713L,0.791
M713R,0.873
M713T,0.812
M713V,0.824
M756I,0.802
M756K,0.906
M756L,0.664
M756R,0.851
M756T,0.9
M756V,0.828
M844I,0.694
M844K,0.866
M844L,0.642
M844R,0.86
M844T,0.886
M844V,0.818
M867I,0.687
M867K,0.675
M867L,0.684
M867R,0.669
M867T,0.557
M867V,0.724
M974I,0.267
M974K,0.445
M974L,0.285
M974R,0.442
M974T,0.296
M974V,0.28
N1024D,0.529
N1024H,0.487
N1024I,0.671
N1024K,0.548
N1024S,0.412
N1024T,0.52
N1024Y,0.678
N1050D,0.298
N1050H,0.575
N1050I,0.731
N1050K,0.447
N1050S,0.351
N1050T,0.512
N1050Y,0.774
N117D,0.674
N117H,0.901
N117I,0.881
N117K,0.6
N117S,0.686
N117T,0.829
N117Y,0.916
N128D,0.583
N128H,0.707
N128I,0.769
N128K,0.65
N128S,0.494
N128T,0.547
N128Y,0.862
N12D,0.683
N12H,0.699
N12I,0.825
N12K,0.746
N12S,0.633
N12T,0.678
N12Y,0.844
N146D,0.405
N146H,0.389
N146I,0.587
N146K,0.37
N146S,0.378
N146T,0.408
N146Y,0.609
N220D,0.389
N220H,0.445
N220I,0.641
N220K,0.404
N220S,0.319
N220T,0.395
N220Y,0.706
N257D,0.566
N257H,0.554
N257I,0.677
N257K,0.607
N257S,0.491
N257T,0.596
N257Y,0.577
N317D,0.582
N317H,0.599
N317I,0.748
N317K,0.583
N317S,0.34
N317T,0.56
N317Y,0.745
N339D,0.685
N339H,0.782
N339I,0.849
N339K,0.749
N339S,0.435
N339T,0.642
N339Y,0.866
N33D,0.713
N33H,0.854
N33I,0.893
N33K,0.755
N33S,0.716
N33T,0.851
N33Y,0.904
N369D,0.549
N369H,0.533
N369I,0.821
N369K,0.603
N369S,0.647
N369T,0.693
N369Y,0.887
N38D,0.512
N38H,0.775
N38I,0.831
N38K,0.564
N38S,0.498
N38T,0.691
N38Y,0.787
N45D,0.631
N45H,0.69
N45I,0.865
N45K,0.756
N45S,0.582
N45T,0.827
N45Y,0.718
N470D,0.952
N470H,0.934
N470I,0.944
N470K,0.836
N470S,0.911
N470T,0.903
N470Y,0.967
N477D,0.615
N477H,0.873
N477I,0.918
N477K,0.632
N477S,0.64
N477T,0.846
N477Y,0.943
N479D,0.794
N479H,0.862
N479I,0.913
N479K,0.684
N479S,0.742
N479T,0.853
N479Y,0.922
N573D,0.736
N573H,0.737
N573I,0.754
N573K,0.763
N573S,0.597
N573T,0.764
N573Y,0.836
N588D,0.622
N588H,0.668
N588I,0.675
N588K,0.601
N588S,0.434
N588T,0.642
N588Y,0.74
N598D,0.69
N598H,0.754
N598I,0.824
N598K,0.592
N598S,0.711
N598T,0.739
N598Y,0.861
N629D,0.827
N629H,0.938
N629I,0.893
N629K,0.769
N629S,0.846
N629T,0.859
N629Y,0.966
N633D,0.867
N633H,0.902
N633I,0.879
N633K,0.909
N633S,0.843
N633T,0.784
N633Y,0.924
N635D,0.661
N635H,0.837
N635I,0.913
N635K,0.818
N635S,0.788
N635T,0.847
N635Y,0.926
N658D,0.833
N658H,0.847
N658I,0.963
N658K,0.784
N658S,0.872
N658T,0.913
N658Y,0.966
N691D,0.582
N691H,0.642
N691I,0.672
N691K,0.474
N691S,0.49
N691T,0.631
N691Y,0.685
N709D,0.862
N709H,0.799
N709I,0.863
N709K,0.535
N709S,0.806
N709T,0.866
N709Y,0.889
N714D,0.69
N714H,0.79
N714I,0.881
N714K,0.595
N714S,0.75
N714T,0.685
N714Y,0.885
N733D,0.85
N733H,0.68
N733I,0.915
N733K,0.819
N733S,0.84
N733T,0.883
N733Y,0.859
N802D,0.711
N802H,0.92
N802I,0.918
N802K,0.637
N802S,0.86
N802T,0.923
N802Y,0.926
N810D,0.837
N810H,0.605
N810I,0.722
N810K,0.684
N810S,0.494
N810T,0.72
N810Y,0.758
N819D,0.747
N819H,0.686
N819I,0.762
N819K,0.529
N819S,0.391
N819T,0.511
N819Y,0.869
N861D,0.658
N861H,0.893
N861I,0.925
N861K,0.805
N861S,0.908
N861T,0.912
N861Y,0.846
N866D,0.532
N866H,0.619
N866I,0.896
N866K,0.588
N866S,0.57
N866T,0.653
N866Y,0.904
N985D,0.474
N985H,0.507
N985I,0.678
N985K,0.563
N985S,0.457
N985T,0.528
N985Y,0.65
N996D,0.614
N996H,0.734
N996I,0.892
N996K,0.631
N996S,0.544
N996T,0.75
N996Y,0.882
P1013A,0.631
P1013H,0.627
P1013L,0.729
P1013R,0.62
P1013S,0.604
P1013T,0.73
P1016A,0.495
P1016H,0.479
P1016L,0.51
P1016R,0.519
P1016S,0.537
P1016T,0.526
P1018A,0.558
P1018H,0.591
P1018L,0.566
P1018R,0.574
P1018S,0.569
P1018T,0.581
P1020A,0.564
P1020H,0.481
P1020L,0.616
P1020R,0.542
P1020S,0.566
P1020T,0.583
P1026A,0.631
P1026H,0.688
P1026L,0.692
P1026R,0.792
P1026S,0.681
P1026T,0.717
P1030A,0.537
P1030L,0.515
P1030Q,0.522
P1030R,0.54
P1030S,0.574
P1030T,0.604
P1034A,0.594
P1034H,0.547
P1034L,0.571
P1034R,0.571
P1034S,0.627
P1034T,0.615
P1075A,0.74
P1075L,0.788
P1075Q,0.824
P1075R,0.839
P1075S,0.714
P1075T,0.718
P1076A,0.643
P1076H,0.664
P1076L,0.719
P1076R,0.759
P1076S,0.641
P1076T,0.659
P1084A,0.34
P1084H,0.07
P1084L,0.089
P1084Q,0.49
P1084R,0.065
P1084S,0.358
P1084T,0.311
P1086A,0.516
P1086H,0.483
P1086L,0.548
P1086R,0.54
P1086S,0.546
P1086T,0.585
P1088A,0.511
P1088H,0.396
P1088L,0.117
P1088R,0.102
P1088S,0.551
P1088T,0.545
P1093A,0.551
P1093H,0.101
P1093L,0.07
P1093Q,0.612
P1093R,0.054
P1093S,0.574
P1093T,0.562
P1096A,0.559
P1096H,0.711
P1096L,0.576
P1096R,0.64
P1096S,0.529
P1096T,0.634
P1099A,0.596
P1099H,0.057
P1099L,0.07
P1099R,0.049
P1099S,0.596
P1099T,0.617
P10A,0.656
P10L,0.617
P10Q,0.826
P10R,0.847
P10S,0.676
P10T,0.691
P1101A,0.407
P1101H,0.061
P1101L,0.149
P1101R,0.044
P1101S,0.519
P1101T,0.534
P1121A,0.376
P1121H,0.449
P1121L,0.405
P1121R,0.507
P1121S,0.459
P1121T,0.43
P1122A,0.395
P1122L,0.387
P1122Q,0.313
P1122R,0.349
P1122S,0.327
P1122T,0.361
P1125A,0.402
P1125L,0.467
P1125Q,0.484
P1125R,0.504
P1125S,0.387
P1125T,0.455
P1128A,0.43
P1128H,0.416
P1128L,0.475
P1128R,0.424
P1128S,0.398
P1128T,0.489
P1132A,0.54
P1132H,0.569
P1132L,0.614
P1132R,0.594
P1132S,0.496
P1132T,0.623
P1139A,0.53
P1139L,0.686
P1139Q,0.645
P1139R,0.739
P1139S,0.637
P1139T,0.645
P1149A,0.428
P1149H,0.595
P1149L,0.555
P1149R,0.681
P1149S,0.588
P1149T,0.541
P114A,0.92
P114H,0.957
P114L,0.943
P114R,0.961
P114S,0.963
P114T,0.963
P1157A,0.649
P1157L,0.689
P1157Q,0.695
P1157R,0.745
P1157S,0.653
P1157T,0.694
P141A,0.419
P141L,0.608
P141Q,0.376
P141R,0.412
P141S,0.438
P141T,0.436
P150A,0.367
P150H,0.353
P150L,0.38
P150R,0.376
P150S,0.37
P150T,0.371
P151A,0.345
P151H,0.398
P151L,0.373
P151R,0.388
P151S,0.315
P151T,0.294
P157A,0.29
P157L,0.418
P157Q,0.4
P157R,0.439
P157S,0.227
P157T,0.261
P168A,0.559
P168H,0.739
P168L,0.684
P168R,0.763
P168S,0.524
P168T,0.709
P191A,0.364
P191L,0.474
P191Q,0.458
P191R,0.484
P191S,0.416
P191T,0.454
P202A,0.379
P202H,0.457
P202L,0.415
P202R,0.497
P202S,0.344
P202T,0.427
P205A,0.419
P205H,0.394
P205L,0.576
P205R,0.529
P205S,0.456
P205T,0.467
P227A,0.309
P227H,0.317
P227L,0.374
P227R,0.374
P227S,0.269
P227T,0.316
P237A,0.239
P237H,0.307
P237L,0.342
P237R,0.284
P237S,0.301
P237T,0.283
P240A,0.285
P240L,0.342
P240Q,0.39
P240R,0.41
P240S,0.267
P240T,0.355
P241A,0.374
P241H,0.338
P241L,0.598
P241R,0.318
P241S,0.337
P241T,0.316
P245A,0.368
P245H,0.38
P245L,0.329
P245R,0.372
P245S,0.421
P245T,0.419
P249A,0.496
P249L,0.426
P249Q,0.497
P249R,0.523
P249S,0.518
P249T,0.526
P251A,0.607
P251H,0.665
P251L,0.607
P251R,0.652
P251S,0.635
P251T,0.653
P258A,0.573
P258H,0.626
P258L,0.557
P258R,0.668
P258S,0.526
P258T,0.565
P297A,0.557
P297H,0.57
P297L,0.544
P297R,0.484
P297S,0.592
P297T,0.573
P298A,0.587
P298L,0.458
P298Q,0.386
P298R,0.473
P298S,0.626
P298T,0.601
P299A,0.483
P299L,0.519
P299Q,0.469
P299R,0.5
P299S,0.542
P299T,0.487
P2A,0.631
P2L,0.826
P2Q,0.818
P2R,0.851
P2S,0.612
P2T,0.679
P300A,0.452
P300L,0.319
P300Q,0.435
P300R,0.558
P300S,0.505
P300T,0.515
P310A,0.586
P310L,0.633
P310Q,0.579
P310R,0.605
P310S,0.59
P310T,0.55
P334A,0.765
P334H,0.765
P334L,0.82
P334R,0.778
P334S,0.761
P334T,0.732
P347A,0.468
P347H,0.691
P347L,0.563
P347R,0.541
P347S,0.545
P347T,0.529
P352A,0.725
P352H,0.772
P352L,0.798
P352R,0.812
P352S,0.685
P352T,0.805
P361A,0.84
P361H,0.905
P361L,0.841
P361R,0.909
P361S,0.861
P361T,0.91
P386A,0.897
P386H,0.869
P386L,0.818
P386R,0.907
P386S,0.892
P386T,0.917
P393A,0.688
P393L,0.821
P393Q,0.851
P393R,0.826
P393S,0.777
P393T,0.725
P405A,0.872
P405H,0.939
P405L,0.861
P405R,0.924
P405S,0.901
P405T,0.881
P426A,0.967
P426H,0.975
P426L,0.935
P426R,0.97
P426S,0.966
P426T,0.955
P440A,0.631
P440L,0.542
P440Q,0.536
P440R,0.531
P440S,0.573
P440T,0.62
P441A,0.541
P441H,0.498
P441L,0.442
P441R,0.588
P441S,0.571
P441T,0.475
P451A,0.907
P451L,0.926
P451Q,0.895
P451R,0.941
P451S,0.819
P451T,0.842
P486A,0.856
P486H,0.864
P486L,0.891
P486R,0.897
P486S,0.79
P486T,0.902
P507A,0.944
P507H,0.959
P507L,0.949
P507R,0.958
P507S,0.942
P507T,0.962
P577A,0.637
P577L,0.662
P577Q,0.663
P577R,0.692
P577S,0.618
P577T,0.676
P596A,0.699
P596H,0.681
P596L,0.726
P596R,0.63
P596S,0.746
P596T,0.694
P605A,0.796
P605H,0.908
P605L,0.949
P605R,0.929
P605S,0.903
P605T,0.888
P632A,0.837
P632H,0.964
P632L,0.939
P632R,0.95
P632S,0.948
P632T,0.95
P63A,0.729
P63H,0.806
P63L,0.852
P63R,0.787
P63S,0.602
P63T,0.731
P690A,0.914
P690H,0.91
P690L,0.878
P690R,0.915
P690S,0.908
P690T,0.918
P692A,0.688
P692H,0.706
P692L,0.818
P692R,0.777
P692S,0.637
P692T,0.687
P721A,0.902
P721H,0.893
P721L,0.915
P721R,0.906
P721S,0.886
P721T,0.915
P72A,0.836
P72L,0.898
P72Q,0.789
P72R,0.892
P72S,0.756
P72T,0.851
P742A,0.455
P742H,0.766
P742L,0.652
P742R,0.787
P742S,0.589
P742T,0.648
P764A,0.667
P764L,0.733
P764Q,0.716
P764R,0.787
P764S,0.694
P764T,0.71
P765A,0.77
P765L,0.82
P765Q,0.787
P765R,0.842
P765S,0.815
P765T,0.829
P808A,0.768
P808H,0.775
P808L,0.746
P808R,0.844
P808S,0.747
P808T,0.718
P815A,0.79
P815H,0.858
P815L,0.748
P815R,0.813
P815S,0.816
P815T,0.794
P846A,0.955
P846H,0.957
P846L,0.939
P846R,0.942
P846S,0.948
P846T,0.924
P869A,0.664
P869L,0.779
P869Q,0.67
P869R,0.8
P869S,0.669
P869T,0.705
P872A,0.653
P872H,0.693
P872L,0.664
P872R,0.731
P872S,0.614
P872T,0.657
P902A,0.49
P902L,0.528
P902Q,0.535
P902R,0.512
P902S,0.452
P902T,0.54
P910A,0.421
P910L,0.424
P910Q,0.374
P910R,0.54
P910S,0.378
P910T,0.433
P917A,0.43
P917L,0.556
P917Q,0.442
P917R,0.486
P917S,0.51
P917T,0.441
P923A,0.356
P923L,0.469
P923Q,0.371
P923R,0.446
P923S,0.377
P923T,0.369
P926A,0.447
P926L,0.64
P926Q,0.521
P926R,0.58
P926S,0.334
P926T,0.55
P931A,0.483
P931L,0.365
P931Q,0.52
P931R,0.545
P931S,0.425
P931T,0.582
P935A,0.404
P935H,0.5
P935L,0.557
P935R,0.582
P935S,0.613
P935T,0.573
P938A,0.555
P938H,0.495
P938L,0.57
P938R,0.558
P938S,0.454
P938T,0.606
P946A,0.474
P946L,0.608
P946Q,0.408
P946R,0.572
P946S,0.52
P946T,0.502
P952A,0.57
P952H,0.628
P952L,0.568
P952R,0.688
P952S,0.481
P952T,0.615
P957A,0.523
P957H,0.67
P957L,0.508
P957R,0.689
P957S,0.617
P957T,0.639
P961A,0.358
P961H,0.472
P961L,0.362
P961R,0.481
P961S,0.344
P961T,0.458
P963A,0.372
P963H,0.574
P963L,0.585
P963R,0.59
P963S,0.509
P963T,0.541
P964A,0.475
P964H,0.453
P964L,0.619
P964R,0.554
P964S,0.517
P964T,0.498
P967A,0.279
P967L,0.352
P967Q,0.268
P967R,0.294
P967S,0.255
P967T,0.253
P968A,0.355
P968L,0.515
P968Q,0.343
P968R,0.33
P968S,0.36
P968T,0.382
P972A,0.425
P972H,0.439
P972L,0.425
P972R,0.503
P972S,0.439
P972T,0.445
P986A,0.479
P986H,0.524
P986L,0.623
P986R,0.628
P986S,0.417
P986T,0.384
Q1008E,0.492
Q1008H,0.562
Q1008K,0.653
Q1008L,0.704
Q1008P,0.806
Q1008R,0.664
Q1010E,0.631
Q1010H,0.703
Q1010K,0.641
Q1010L,0.74
Q1010P,0.764
Q1010R,0.561
Q1046E,0.665
Q1046H,0.741
Q1046K,0.686
Q1046L,0.816
Q1046P,0.901
Q1046R,0.805
Q1048E,0.667
Q1048H,0.54
Q1048K,0.741
Q1048L,0.803
Q1048P,0.895
Q1048R,0.746
Q1065E,0.709
Q1065H,0.68
Q1065K,0.703
Q1065L,0.794
Q1065P,0.853
Q1065R,0.807
Q1068E,0.621
Q1068H,0.476
Q1068K,0.63
Q1068L,0.701
Q1068P,0.805
Q1068R,0.703
Q1070E,0.598
Q1070H,0.625
Q1070K,0.674
Q1070L,0.705
Q1070P,0.731
Q1070R,0.683
Q1110E,0.491
Q1110H,0.447
Q1110K,0.513
Q1110L,0.579
Q1110P,0.58
Q1110R,0.579
Q1113E,0.567
Q1113H,0.54
Q1113K,0.582
Q1113L,0.679
Q1113P,0.644
Q1113R,0.637
Q1129E,0.407
Q1129H,0.512
Q1129K,0.404
Q1129L,0.495
Q1129P,0.556
Q1129R,0.436
Q1141E,0.48
Q1141H,0.495
Q1141K,0.508
Q1141L,0.621
Q1141P,0.605
Q1141R,0.553
Q1148E,0.53
Q1148H,0.529
Q1148K,0.58
Q1148L,0.625
Q1148P,0.587
Q1148R,0.504
Q11E,0.787
Q11H,0.882
Q11K,0.733
Q11L,0.764
Q11P,0.805
Q11R,0.738
Q247E,0.38
Q247H,0.465
Q247K,0.441
Q247L,0.338
Q247P,0.41
Q247R,0.397
Q25E,0.587
Q25H,0.66
Q25K,0.609
Q25L,0.599
Q25P,0.77
Q25R,0.594
Q335E,0.679
Q335H,0.639
Q335K,0.729
Q335L,0.653
Q335P,0.809
Q335R,0.769
Q376E,0.675
Q376H,0.833
Q376K,0.714
Q376L,0.858
Q376P,0.952
Q376R,0.816
Q391E,0.663
Q391H,0.819
Q391K,0.828
Q391L,0.934
Q391P,0.932
Q391R,0.909
Q450E,0.549
Q450H,0.62
Q450K,0.541
Q450L,0.655
Q450P,0.686
Q450R,0.603
Q576E,0.649
Q576H,0.642
Q576K,0.59
Q576L,0.652
Q576P,0.737
Q576R,0.596
Q592E,0.717
Q592H,0.721
Q592K,0.803
Q592L,0.776
Q592P,0.85
Q592R,0.78
Q61E,0.725
Q61H,0.607
Q61K,0.772
Q61L,0.794
Q61P,0.836
Q61R,0.839
Q664E,0.889
Q664H,0.886
Q664K,0.918
Q664L,0.943
Q664P,0.978
Q664R,0.935
Q676E,0.724
Q676H,0.786
Q676K,0.783
Q676L,0.932
Q676P,0.924
Q676R,0.871
Q688E,0.786
Q688H,0.823
Q688K,0.717
Q688L,0.91
Q688P,0.931
Q688R,0.854
Q695E,0.657
Q695H,0.755
Q695K,0.829
Q695L,0.919
Q695P,0.934
Q695R,0.762
Q702E,0.764
Q702H,0.827
Q702K,0.873
Q702L,0.933
Q702P,0.931
Q702R,0.871
Q725E,0.869
Q725H,0.886
Q725K,0.797
Q725L,0.93
Q725P,0.935
Q725R,0.902
Q738E,0.606
Q738H,0.726
Q738K,0.65
Q738L,0.79
Q738P,0.909
Q738R,0.744
Q75E,0.483
Q75H,0.356
Q75K,0.413
Q75L,0.452
Q75P,0.608
Q75R,0.448
Q81E,0.458
Q81H,0.658
Q81K,0.633
Q81L,0.727
Q81P,0.805
Q81R,0.613
Q84E,0.405
Q84H,0.585
Q84K,0.424
Q84L,0.552
Q84P,0.606
Q84R,0.421
Q884E,0.512
Q884H,0.565
Q884K,0.551
Q884L,0.467
Q884P,0.65
Q884R,0.557
Q901E,0.509
Q901H,0.604
Q901K,0.546
Q901L,0.643
Q901P,0.629
Q901R,0.61
R1005G,0.72
R1005L,0.697
R1005P,0.732
R1005Q,0.677
R1005W,0.733
R1007C,0.638
R1007G,0.585
R1007H,0.559
R1007L,0.661
R1007P,0.666
R1007S,0.581
R100G,0.886
R100L,0.826
R100P,0.887
R100Q,0.803
R100W,0.891
R1014G,0.694
R1014L,0.751
R1014P,0.651
R1014Q,0.549
R1032G,0.58
R1032L,0.635
R1032P,0.578
R1032Q,0.532
R1032W,0.656
R1033G,0.693
R1033L,0.648
R1033P,0.653
R1033Q,0.6
R1033W,0.676
R1035G,0.661
R1035L,0.659
R1035P,0.587
R1035Q,0.573
R1035W,0.667
R1041G,0.669
R1041K,0.692
R1041M,0.677
R1041S,0.635
R1041T,0.714
R1041W,0.658
R1047C,0.622
R1047G,0.59
R1047H,0.625
R1047L,0.6
R1047P,0.609
R1047S,0.473
R1051G,0.844
R1051K,0.703
R1051M,0.729
R1051S,0.737
R1051T,0.765
R1051W,0.846
R1055G,0.657
R1055L,0.633
R1055P,0.685
R1055Q,0.43
R1055W,0.687
R1069G,0.755
R1069K,0.633
R1069M,0.762
R1069S,0.636
R1069T,0.765
R1069W,0.76
R1134G,0.732
R1134L,0.648
R1134P,0.731
R1134Q,0.627
R1135C,0.682
R1135G,0.695
R1135H,0.723
R1135L,0.658
R1135P,0.673
R1135S,0.634
R1152G,0.869
R1152I,0.834
R1152K,0.704
R1152S,0.827
R1152T,0.735
R148G,0.543
R148L,0.541
R148P,0.603
R148Q,0.427
R148W,0.744
R159C,0.744
R159G,0.655
R159H,0.647
R159L,0.683
R159P,0.742
R159S,0.688
R164C,0.903
R164G,0.685
R164H,0.756
R164L,0.73
R164P,0.797
R164S,0.678
R176G,0.47
R176L,0.525
R176P,0.646
R176Q,0.394
R176W,0.718
R181G,0.503
R181L,0.49
R181P,0.439
R181Q,0.331
R181W,0.583
R20C,0.905
R20G,0.929
R20H,0.868
R20L,0.835
R20P,0.883
R20S,0.783
R231G,0.403
R231L,0.288
R231P,0.377
R231Q,0.315
R231W,0.497
R232C,0.525
R232G,0.523
R232H,0.47
R232L,0.484
R232P,0.627
R232S,0.472
R242C,0.254
R242G,0.514
R242H,0.244
R242L,0.349
R242P,0.429
R242S,0.405
R252G,0.573
R252L,0.658
R252P,0.598
R252Q,0.591
R252W,0.494
R269G,0.583
R269L,0.549
R269P,0.598
R269Q,0.543
R269W,0.62
R271C,0.619
R271G,0.608
R271H,0.619
R271L,0.613
R271P,0.585
R271S,0.636
R273G,0.654
R273L,0.72
R273P,0.695
R273Q,0.683
R27C,0.841
R27G,0.844
R27H,0.763
R27L,0.829
R27P,0.871
R27S,0.767
R280C,0.792
R280G,0.784
R280H,0.813
R280L,0.801
R280P,0.82
R280S,0.796
R281C,0.759
R281G,0.764
R281H,0.664
R281L,0.735
R281P,0.695
R281S,0.747
R292C,0.717
R292G,0.72
R292H,0.648
R292L,0.708
R292P,0.706
R292S,0.685
R301C,0.677
R301G,0.657
R301H,0.587
R301L,0.677
R301P,0.59
R301S,0.64
R312C,0.791
R312G,0.719
R312H,0.675
R312L,0.714
R312P,0.702
R312S,0.64
R326C,0.576
R326G,0.626
R326H,0.589
R326L,0.618
R326P,0.625
R326S,0.58
R328C,0.77
R328G,0.736
R328H,0.766
R328L,0.793
R328P,0.819
R328S,0.578
R356C,0.659
R356G,0.671
R356H,0.531
R356L,0.466
R356P,0.572
R356S,0.541
R35G,0.71
R35L,0.755
R35P,0.838
R35Q,0.472
R35W,0.87
R366G,0.84
R366L,0.814
R366P,0.804
R366Q,0.784
R394C,0.806
R394G,0.815
R394H,0.903
R394L,0.913
R394P,0.916
R394S,0.834
R397C,0.85
R397G,0.751
R397H,0.787
R397L,0.82
R397P,0.704
R397S,0.748
R472C,0.925
R472G,0.936
R472H,0.953
R472L,0.97
R472P,0.986
R472S,0.92
R488C,0.809
R488G,0.71
R488H,0.713
R488L,0.62
R488P,0.787
R488S,0.719
R4G,0.745
R4L,0.745
R4P,0.738
R4Q,0.671
R4W,0.751
R528G,0.874
R528L,0.947
R528P,0.96
R528Q,0.937
R528W,0.864
R531G,0.945
R531L,0.981
R531P,0.976
R531Q,0.953
R531W,0.949
R534C,0.954
R534G,0.86
R534H,0.933
R534L,0.976
R534P,0.965
R534S,0.908
R537G,0.753
R537L,0.919
R537P,0.954
R537Q,0.85
R537W,0.795
R541C,0.955
R541G,0.954
R541H,0.943
R541L,0.953
R541P,0.972
R541S,0.947
R56G,0.673
R56L,0.812
R56P,0.873
R56Q,0.877
R56W,0.77
R582C,0.791
R582G,0.698
R582H,0.745
R582L,0.742
R582P,0.655
R582S,0.858
R5G,0.755
R5K,0.532
R5M,0.883
R5S,0.744
R5T,0.837
R5W,0.881
R62G,0.75
R62L,0.708
R62P,0.791
R62Q,0.653
R665G,0.863
R665L,0.968
R665P,0.959
R665Q,0.821
R665W,0.907
R672C,0.873
R672G,0.895
R672H,0.94
R672L,0.907
R672P,0.948
R672S,0.877
R679G,0.874
R679L,0.918
R679P,0.906
R679Q,0.911
R679W,0.88
R681G,0.682
R681L,0.669
R681P,0.689
R681Q,0.658
R681W,0.613
R685C,0.914
R685G,0.926
R685H,0.942
R685L,0.913
R685P,0.953
R685S,0.921
R694C,0.884
R694G,0.823
R694H,0.923
R694L,0.939
R694P,0.927
R694S,0.801
R696C,0.951
R696G,0.889
R696H,0.926
R696L,0.967
R696P,0.955
R696S,0.908
R734C,0.93
R734G,0.911
R734H,0.885
R734L,0.898
R734P,0.933
R734S,0.936
R73C,0.586
R73G,0.473
R73H,0.472
R73L,0.6
R73P,0.665
R73S,0.438
R744G,0.675
R744L,0.658
R744P,0.714
R744Q,0.601
R752G,0.894
R752L,0.943
R752P,0.961
R752Q,0.955
R752W,0.923
R76C,0.766
R76G,0.584
R76H,0.604
R76L,0.499
R76P,0.605
R76S,0.526
R77C,0.542
R77G,0.516
R77H,0.442
R77L,0.425
R77P,0.551
R77S,0.453
R784G,0.82
R784L,0.961
R784P,0.945
R784Q,0.887
R784W,0.944
R791G,0.769
R791L,0.834
R791P,0.867
R791Q,0.625
R791W,0.881
R814G,0.634
R814K,0.53
R814M,0.735
R814S,0.624
R814T,0.619
R814W,0.741
R823G,0.92
R823L,0.96
R823P,0.949
R823Q,0.935
R823W,0.934
R835G,0.853
R835L,0.897
R835P,0.901
R835Q,0.931
R835W,0.852
R863G,0.841
R863L,0.854
R863P,0.873
R863Q,0.841
R883G,0.661
R883L,0.648
R883P,0.692
R883Q,0.656
R883W,0.663
R885C,0.786
R885G,0.739
R885H,0.77
R885L,0.75
R885P,0.775
R885S,0.716
R887C,0.836
R887G,0.851
R887H,0.842
R887L,0.762
R887P,0.78
R887S,0.815
R892C,0.815
R892G,0.794
R892H,0.829
R892L,0.812
R892P,0.803
R892S,0.694
R893G,0.661
R893K,0.575
R893M,0.746
R893S,0.613
R893T,0.614
R893W,0.752
R894C,0.883
R894G,0.782
R894H,0.727
R894L,0.85
R894P,0.793
R894S,0.751
R912G,0.678
R912L,0.679
R912P,0.671
R912Q,0.525
R912W,0.51
R920G,0.593
R920L,0.554
R920P,0.655
R920Q,0.541
R920W,0.693
R922G,0.677
R922L,0.632
R922P,0.638
R922Q,0.535
R922W,0.722
R92C,0.64
R92G,0.725
R92H,0.683
R92L,0.502
R92P,0.808
R92S,0.666
R948C,0.63
R948G,0.521
R948H,0.544
R948L,0.548
R948P,0.462
R948S,0.534
R954C,0.671
R954G,0.58
R954H,0.615
R954L,0.647
R954P,0.535
R954S,0.57
R962G,0.527
R962K,0.435
R962M,0.536
R962S,0.499
R962T,0.558
R962W,0.567
S1004C,0.563
S1004G,0.521
S1004I,0.735
S1004N,0.413
S1004R,0.616
S1004T,0.604
S1021C,0.661
S1021G,0.58
S1021I,0.602
S1021N,0.441
S1021R,0.563
S1021T,0.528
S1028A,0.565
S1028C,0.535
S1028F,0.595
S1028P,0.582
S1028T,0.562
S1028Y,0.58
S1029C,0.582
S1029G,0.644
S1029I,0.607
S1029N,0.456
S1029R,0.671
S1029T,0.482
S1040C,0.599
S1040G,0.479
S1040I,0.589
S1040N,0.384
S1040R,0.465
S1040T,0.527
S104C,0.737
S104G,0.626
S104I,0.703
S104N,0.513
S104R,0.725
S104T,0.44
S1057C,0.652
S1057G,0.541
S1057I,0.637
S1057N,0.375
S1057R,0.661
S1057T,0.364
S1079C,0.8
S1079G,0.704
S1079I,0.757
S1079N,0.542
S1079R,0.817
S1079T,0.631
S1090A,0.531
S1090C,0.481
S1090F,0.485
S1090P,0.626
S1090T,0.55
S1090Y,0.504
S1092A,0.514
S1092C,0.513
S1092F,0.567
S1092P,0.593
S1092T,0.57
S1092Y,0.57
S1098C,0.596
S1098G,0.551
S1098I,0.559
S1098N,0.439
S1098R,0.594
S1098T,0.501
S1107A,0.527
S1107L,0.606
S1107P,0.559
S1107T,0.513
S1107W,0.637
S1109A,0.531
S1109C,0.638
S1109F,0.671
S1109P,0.525
S1109T,0.576
S1109Y,0.683
S1112A,0.622
S1112C,0.555
S1112F,0.692
S1112P,0.587
S1112T,0.605
S1112Y,0.687
S1137A,0.682
S1137C,0.763
S1137F,0.812
S1137P,0.758
S1137T,0.713
S1137Y,0.831
S1147A,0.557
S1147C,0.388
S1147F,0.688
S1147P,0.574
S1147T,0.537
S1147Y,0.623
S1155A,0.668
S1155L,0.867
S1155P,0.737
S1155T,0.686
S1155W,0.734
S1159C,0.558
S1159G,0.565
S1159I,0.53
S1159N,0.455
S1159R,0.599
S1159T,0.465
S140A,0.299
S140C,0.428
S140F,0.446
S140P,0.34
S140T,0.293
S140Y,0.478
S153C,0.458
S153G,0.319
S153I,0.443
S153N,0.344
S153R,0.342
S153T,0.382
S178A,0.275
S178L,0.349
S178P,0.336
S178T,0.271
S178W,0.569
S179A,0.275
S179L,0.426
S179P,0.387
S179T,0.334
S179W,0.587
S182A,0.295
S182L,0.438
S182P,0.248
S182T,0.277
S182W,0.383
S206C,0.64
S206G,0.467
S206I,0.661
S206N,0.317
S206R,0.594
S206T,0.391
S207C,0.481
S207G,0.335
S207I,0.394
S207N,0.309
S207R,0.376
S207T,0.311
S209A,0.417
S209L,0.521
S209P,0.648
S209T,0.39
S209W,0.709
S239A,0.26
S239C,0.421
S239F,0.397
S239P,0.302
S239T,0.22
S239Y,0.421
S243C,0.241
S243G,0.219
S243I,0.335
S243N,0.311
S243R,0.265
S243T,0.308
S250A,0.411
S250L,0.538
S250P,0.475
S250T,0.536
S250W,0.491
S255C,0.63
S255G,0.394
S255I,0.602
S255N,0.427
S255R,0.588
S255T,0.482
S261A,0.403
S261L,0.556
S261P,0.606
S261T,0.54
S261W,0.558
S263A,0.531
S263C,0.583
S263F,0.598
S263P,0.565
S263T,0.566
S263Y,0.556
S264C,0.644
S264G,0.487
S264I,0.64
S264N,0.401
S264R,0.583
S264T,0.471
S266C,0.692
S266G,0.669
S266I,0.712
S266N,0.5
S266R,0.622
S266T,0.622
S26C,0.685
S26G,0.399
S26I,0.714
S26N,0.305
S26R,0.458
S26T,0.459
S272A,0.551
S272C,0.669
S272F,0.727
S272P,0.684
S272T,0.683
S272Y,0.711
S275C,0.72
S275G,0.689
S275I,0.758
S275N,0.572
S275R,0.767
S275T,0.654
S278C,0.747
S278G,0.684
S278I,0.82
S278N,0.629
S278R,0.787
S278T,0.635
S283A,0.644
S283L,0.713
S283P,0.683
S283T,0.704
S283W,0.776
S284A,0.575
S284L,0.652
S284P,0.68
S284T,0.632
S284W,0.682
S304C,0.663
S304G,0.629
S304I,0.716
S304N,0.521
S304R,0.79
S304T,0.649
S313C,0.729
S313G,0.436
S313I,0.735
S313N,0.412
S313R,0.682
S313T,0.43
S318A,0.59
S318C,0.832
S318F,0.855
S318P,0.811
S318T,0.757
S318Y,0.844
S320A,0.765
S320L,0.846
S320P,0.811
S320T,0.74
S320W,0.795
S322A,0.795
S322C,0.765
S322F,0.826
S322P,0.869
S322T,0.79
S322Y,0.809
S331C,0.718
S331G,0.44
S331I,0.681
S331N,0.253
S331R,0.708
S331T,0.437
S351A,0.589
S351L,0.601
S351P,0.577
S351T,0.591
S351W,0.757
S354C,0.713
S354G,0.436
S354I,0.684
S354N,0.435
S354R,0.642
S354T,0.401
S379A,0.828
S379C,0.893
S379F,0.886
S379P,0.899
S379T,0.856
S379Y,0.889
S404C,0.885
S404G,0.886
S404I,0.966
S404N,0.928
S404R,0.948
S404T,0.93
S428A,0.675
S428L,0.922
S428P,0.902
S428T,0.678
S428W,0.932
S484C,0.909
S484G,0.908
S484I,0.934
S484N,0.797
S484R,0.898
S484T,0.6
S515A,0.699
S515C,0.77
S515F,0.745
S515P,0.74
S515T,0.656
S515Y,0.763
S517A,0.686
S517C,0.781
S517F,0.814
S517P,0.782
S517T,0.653
S517Y,0.828
S543A,0.825
S543L,0.873
S543P,0.897
S543T,0.877
S55A,0.593
S55L,0.927
S55P,0.689
S55T,0.5
S55W,0.926
S581A,0.617
S581L,0.695
S581P,0.654
S581T,0.663
S599C,0.703
S599G,0.591
S599I,0.688
S599N,0.469
S599R,0.68
S599T,0.573
S600C,0.827
S600G,0.766
S600I,0.796
S600N,0.533
S600R,0.781
S600T,0.628
S606A,0.766
S606C,0.894
S606F,0.889
S606P,0.781
S606T,0.79
S606Y,0.871
S620C,0.847
S620G,0.846
S620I,0.91
S620N,0.857
S620R,0.955
S620T,0.746
S621C,0.945
S621G,0.951
S621I,0.952
S621N,0.94
S621R,0.974
S621T,0.794
S624C,0.942
S624G,0.927
S624I,0.968
S624N,0.923
S624R,0.955
S624T,0.749
S631A,0.76
S631C,0.897
S631F,0.898
S631P,0.81
S631T,0.802
S631Y,0.874
S636A,0.665
S636L,0.786
S636P,0.76
S636T,0.7
S641A,0.717
S641C,0.918
S641F,0.945
S641P,0.904
S641T,0.653
S641Y,0.94
S649A,0.657
S649C,0.791
S649F,0.868
S649P,0.902
S649T,0.821
S649Y,0.905
S654C,0.945
S654G,0.897
S654I,0.893
S654N,0.918
S654R,0.964
S654T,0.817
S660A,0.841
S660L,0.942
S660P,0.96
S660T,0.794
S660W,0.949
S668A,0.741
S668L,0.919
S668P,0.948
S668T,0.843
S668W,0.927
S706A,0.708
S706C,0.94
S706F,0.954
S706P,0.846
S706T,0.695
S706Y,0.918
S735A,0.585
S735L,0.617
S735P,0.777
S735T,0.526
S783A,0.652
S783C,0.818
S783F,0.867
S783P,0.936
S783T,0.771
S783Y,0.867
S786A,0.833
S786C,0.845
S786F,0.856
S786P,0.939
S786T,0.828
S786Y,0.852
S818A,0.75
S818L,0.97
S818P,0.928
S818T,0.857
S818W,0.955
S849A,0.51
S849C,0.707
S849F,0.818
S849P,0.813
S849T,0.726
S849Y,0.783
S854A,0.659
S854C,0.786
S854F,0.758
S854P,0.782
S854T,0.566
S854Y,0.683
S855C,0.883
S855G,0.735
S855I,0.823
S855N,0.529
S855R,0.716
S855T,0.647
S871A,0.652
S871C,0.731
S871F,0.769
S871P,0.795
S871T,0.644
S871Y,0.777
S874C,0.809
S874G,0.707
S874I,0.809
S874N,0.58
S874R,0.793
S874T,0.698
S882C,0.54
S882G,0.488
S882I,0.465
S882N,0.317
S882R,0.563
S882T,0.456
S890A,0.604
S890C,0.746
S890F,0.713
S890P,0.779
S890T,0.646
S890Y,0.707
S906A,0.587
S906L,0.758
S906P,0.696
S906T,0.658
S906W,0.776
S918C,0.457
S918G,0.361
S918I,0.508
S918N,0.336
S918R,0.432
S918T,0.356
S919C,0.34
S919G,0.273
S919I,0.464
S919N,0.328
S919R,0.45
S919T,0.37
S930C,0.637
S930G,0.521
S930I,0.639
S930N,0.396
S930R,0.665
S930T,0.53
S932A,0.54
S932C,0.599
S932F,0.674
S932P,0.692
S932T,0.551
S932Y,0.676
S933C,0.693
S933G,0.675
S933I,0.667
S933N,0.439
S933R,0.72
S933T,0.496
S936A,0.56
S936C,0.643
S936F,0.686
S936P,0.628
S936T,0.582
S936Y,0.731
S937C,0.635
S937G,0.562
S937I,0.687
S937N,0.534
S937R,0.721
S937T,0.595
S940C,0.671
S940G,0.671
S940I,0.722
S940N,0.468
S940R,0.684
S940T,0.559
S941C,0.677
S941G,0.561
S941I,0.71
S941N,0.413
S941R,0.699
S941T,0.624
S949C,0.516
S949G,0.426
S949I,0.559
S949N,0.389
S949R,0.525
S949T,0.467
S950A,0.575
S950C,0.654
S950F,0.702
S950P,0.614
S950T,0.59
S950Y,0.664
S951C,0.668
S951G,0.569
S951I,0.691
S951N,0.424
S951R,0.608
S951T,0.528
S959A,0.462
S959C,0.484
S959F,0.528
S959P,0.402
S959T,0.464
S959Y,0.496
S960C,0.659
S960G,0.617
S960I,0.618
S960N,0.447
S960R,0.561
S960T,0.501
S980C,0.41
S980G,0.329
S980I,0.394
S980N,0.25
S980R,0.383
S980T,0.344
S981C,0.648
S981G,0.534
S981I,0.614
S981N,0.441
S981R,0.647
S981T,0.589
S988A,0.644
S988L,0.78
S988P,0.729
S988T,0.66
S992A,0.666
S992L,0.725
S992P,0.728
S992T,0.642
S995A,0.705
S995C,0.801
S995F,0.856
S995P,0.562
S995T,0.563
S995Y,0.849
S999C,0.806
S999G,0.529
S999I,0.774
S999N,0.556
S999R,0.782
S999T,0.702
T1019A,0.407
T1019I,0.568
T1019N,0.476
T1019P,0.465
T1019S,0.47
T1054A,0.558
T1054I,0.575
T1054N,0.443
T1054P,0.616
T1054S,0.418
T1062A,0.55
T1062I,0.536
T1062N,0.415
T1062P,0.559
T1062S,0.542
T1072A,0.524
T1072K,0.591
T1072M,0.472
T1072P,0.562
T1072R,0.591
T1072S,0.505
T1082A,0.499
T1082I,0.474
T1082N,0.376
T1082P,0.517
T1082S,0.468
T1083A,0.489
T1083I,0.417
T1083N,0.33
T1083P,0.503
T1083S,0.504
T1089A,0.582
T1089I,0.569
T1089N,0.467
T1089P,0.594
T1089S,0.587
T1091A,0.566
T1091I,0.542
T1091K,0.538
T1091P,0.572
T1091R,0.543
T1091S,0.555
T1102A,0.544
T1102I,0.59
T1102N,0.572
T1102P,0.581
T1102S,0.595
T1104A,0.558
T1104I,0.571
T1104N,0.42
T1104P,0.556
T1104S,0.551
T1133A,0.331
T1133I,0.489
T1133K,0.439
T1133P,0.389
T1133R,0.484
T1133S,0.356
T1146A,0.446
T1146I,0.554
T1146N,0.453
T1146P,0.556
T1146S,0.515
T13A,0.562
T13I,0.751
T13N,0.897
T13P,0.781
T13S,0.516
T145A,0.298
T145I,0.358
T145N,0.358
T145P,0.468
T145S,0.328
T152A,0.438
T152I,0.737
T152N,0.556
T152P,0.466
T152S,0.367
T162A,0.407
T162I,0.428
T162N,0.359
T162P,0.507
T162S,0.326
T174A,0.341
T174K,0.482
T174M,0.498
T174P,0.547
T174R,0.493
T174S,0.313
T17A,0.509
T17I,0.632
T17N,0.501
T17P,0.755
T17S,0.537
T201A,0.327
T201K,0.44
T201M,0.415
T201P,0.558
T201R,0.468
T201S,0.365
T216A,0.326
T216I,0.393
T216K,0.377
T216P,0.321
T216R,0.362
T216S,0.263
T270A,0.613
T270K,0.615
T270M,0.657
T270P,0.624
T270R,0.611
T270S,0.499
T305A,0.733
T305I,0.703
T305N,0.565
T305P,0.675
T305S,0.655
T319A,0.64
T319I,0.693
T319N,0.612
T319P,0.764
T319S,0.554
T329A,0.551
T329I,0.736
T329N,0.574
T329P,0.714
T329S,0.534
T337A,0.771
T337I,0.835
T337N,0.711
T337P,0.823
T337S,0.725
T353A,0.524
T353I,0.642
T353N,0.609
T353P,0.537
T353S,0.486
T367A,0.724
T367I,0.802
T367N,0.722
T367P,0.787
T367S,0.707
T371A,0.894
T371I,0.857
T371N,0.781
T371P,0.894
T371S,0.827
T375A,0.827
T375I,0.874
T375N,0.71
T375P,0.924
T375S,0.818
T399A,0.925
T399I,0.793
T399N,0.887
T399P,0.95
T399S,0.909
T421A,0.941
T421K,0.947
T421M,0.955
T421P,0.955
T421R,0.943
T421S,0.922
T425A,0.964
T425I,0.87
T425K,0.936
T425P,0.95
T425R,0.955
T425S,0.903
T436A,0.56
T436K,0.607
T436M,0.559
T436P,0.58
T436R,0.579
T436S,0.576
T443A,0.439
T443I,0.474
T443N,0.405
T443P,0.412
T443S,0.607
T473A,0.935
T473I,0.962
T473N,0.937
T473P,0.978
T473S,0.942
T474A,0.913
T474I,0.976
T474N,0.923
T474P,0.964
T474S,0.929
T526A,0.854
T526I,0.905
T526N,0.921
T526P,0.973
T526S,0.868
T556A,0.791
T556I,0.715
T556N,0.867
T556P,0.932
T556S,0.795
T613A,0.857
T613K,0.936
T613M,0.945
T613P,0.929
T613R,0.943
T613S,0.83
T618A,0.877
T618I,0.94
T618N,0.93
T618P,0.947
T618S,0.909
T623A,0.956
T623I,0.958
T623N,0.94
T623P,0.983
T623S,0.935
T634A,0.956
T634I,0.955
T634N,0.891
T634P,0.914
T634S,0.82
T65A,0.607
T65I,0.811
T65N,0.738
T65P,0.862
T65S,0.658
T670A,0.752
T670I,0.885
T670K,0.87
T670P,0.926
T670R,0.844
T670S,0.849
T675A,0.618
T675I,0.78
T675K,0.781
T675P,0.884
T675R,0.784
T675S,0.686
T708A,0.889
T708I,0.905
T708N,0.805
T708P,0.928
T708S,0.831
T747A,0.759
T747I,0.734
T747N,0.585
T747P,0.812
T747S,0.514
T74A,0.785
T74K,0.874
T74M,0.875
T74P,0.897
T74R,0.886
T74S,0.782
T760A,0.852
T760I,0.846
T760N,0.792
T760P,0.913
T760S,0.823
T761A,0.838
T761I,0.824
T761K,0.847
T761P,0.935
T761R,0.843
T761S,0.848
T768A,0.855
T768I,0.777
T768K,0.875
T768P,0.926
T768R,0.857
T768S,0.886
T777A,0.857
T777I,0.926
T777N,0.607
T777P,0.851
T777S,0.63
T826A,0.951
T826I,0.958
T826N,0.952
T826P,0.974
T826S,0.839
T859A,0.297
T859I,0.863
T859K,0.276
T859M,0.255
T859N,0.851
T859P,0.348
T859R,0.249
T859S,0.339
T865A,0.617
T865I,0.657
T865N,0.612
T865P,0.855
T865S,0.613
T875A,0.424
T875K,0.441
T875M,0.421
T875P,0.473
T875R,0.419
T875S,0.407
T895A,0.633
T895K,0.662
T895M,0.756
T895P,0.719
T895R,0.686
T895S,0.677
T899A,0.4
T899K,0.348
T899M,0.282
T899P,0.332
T899R,0.331
T899S,0.349
T983A,0.654
T983I,0.738
T983N,0.495
T983P,0.729
T983S,0.485
V1038A,0.601
V1038E,0.708
V1038G,0.736
V1038L,0.495
V1038M,0.548
V1063A,0.593
V1063D,0.692
V1063F,0.574
V1063G,0.66
V1063I,0.442
V1063L,0.494
V1074A,0.493
V1074D,0.61
V1074F,0.597
V1074G,0.488
V1074I,0.476
V1074L,0.508
V1081A,0.48
V1081E,0.621
V1081G,0.682
V1081L,0.45
V1081M,0.398
V1097A,0.523
V1097D,0.611
V1097F,0.568
V1097G,0.576
V1097I,0.525
V1097L,0.531
V110A,0.77
V110E,0.86
V110G,0.926
V110L,0.548
V110M,0.755
V1111A,0.566
V1111D,0.557
V1111F,0.624
V1111G,0.638
V1111I,0.493
V1111L,0.503
V112A,0.885
V112E,0.953
V112G,0.962
V112L,0.646
V112M,0.802
V113A,0.543
V113E,0.921
V113G,0.889
V113L,0.574
V113M,0.754
V115A,0.83
V115E,0.898
V115G,0.925
V115L,0.671
V115M,0.867
V122A,0.662
V122D,0.935
V122F,0.911
V122G,0.945
V122I,0.606
V122L,0.678
V131A,0.48
V131E,0.518
V131G,0.599
V131L,0.364
V131M,0.491
V132A,0.554
V132E,0.775
V132G,0.771
V132L,0.444
V132M,0.529
V138A,0.253
V138E,0.331
V138G,0.362
V138L,0.308
V138M,0.254
V180A,0.293
V180E,0.383
V180G,0.314
V180L,0.276
V180M,0.235
V194A,0.522
V194E,0.662
V194G,0.679
V194L,0.489
V194M,0.497
V195A,0.49
V195E,0.647
V195G,0.683
V195L,0.443
V195M,0.505
V196A,0.669
V196E,0.719
V196G,0.727
V196L,0.51
V196M,0.687
V198A,0.497
V198E,0.577
V198G,0.6
V198L,0.429
V198M,0.386
V215A,0.459
V215E,0.521
V215G,0.568
V215L,0.355
V215M,0.313
V222A,0.367
V222E,0.475
V222G,0.514
V222L,0.382
V222M,0.374
V235A,0.313
V235E,0.506
V235G,0.391
V235L,0.299
V235M,0.325
V279A,0.664
V279E,0.699
V279G,0.679
V279L,0.574
V279M,0.623
V295A,0.364
V295E,0.373
V295G,0.452
V295L,0.426
V295M,0.369
V325A,0.45
V325E,0.587
V325G,0.617
V325L,0.391
V325M,0.354
V341A,0.561
V341E,0.734
V341G,0.744
V341L,0.557
V341M,0.639
V36A,0.492
V36E,0.708
V36G,0.762
V36L,0.473
V36M,0.465
V370A,0.87
V370D,0.895
V370F,0.87
V370G,0.909
V370I,0.764
V370L,0.824
V374A,0.828
V374D,0.905
V374F,0.918
V374G,0.916
V374I,0.777
V374L,0.808
V377A,0.923
V377D,0.929
V377F,0.936
V377G,0.934
V377I,0.767
V377L,0.844
V384A,0.887
V384E,0.928
V384G,0.947
V384L,0.815
V384M,0.846
V3A,0.587
V3E,0.636
V3G,0.638
V3L,0.574
V3M,0.641
V409A,0.89
V409E,0.94
V409G,0.934
V409L,0.833
V409M,0.879
V418A,0.947
V418D,0.946
V418F,0.961
V418G,0.942
V418I,0.84
V418L,0.921
V41A,0.814
V41D,0.896
V41F,0.819
V41G,0.912
V41I,0.411
V41L,0.596
V423A,0.845
V423D,0.951
V423F,0.766
V423G,0.93
V423I,0.485
V423L,0.679
V454A,0.895
V454E,0.939
V454G,0.947
V454L,0.761
V454M,0.794
V455A,0.847
V455E,0.965
V455G,0.947
V455L,0.725
V455M,0.872
V459A,0.921
V459E,0.966
V459G,0.947
V459L,0.889
V459M,0.89
V465A,0.832
V465E,0.967
V465G,0.95
V465L,0.75
V465M,0.82
V476A,0.921
V476D,0.96
V476F,0.894
V476G,0.978
V476I,0.755
V476L,0.808
V482A,0.948
V482E,0.963
V482G,0.962
V482L,0.783
V482M,0.864
V483A,0.919
V483D,0.955
V483F,0.905
V483G,0.952
V483I,0.737
V483L,0.893
V491A,0.679
V491D,0.903
V491F,0.719
V491G,0.889
V491I,0.412
V491L,0.59
V503A,0.873
V503E,0.96
V503G,0.943
V503L,0.747
V503M,0.897
V533A,0.863
V533E,0.945
V533G,0.877
V533L,0.839
V533M,0.902
V535A,0.908
V535E,0.961
V535G,0.954
V535L,0.839
V535M,0.917
V549A,0.872
V549E,0.958
V549G,0.949
V549L,0.867
V549M,0.823
V59A,0.618
V59E,0.839
V59G,0.835
V59L,0.572
V59M,0.795
V612A,0.866
V612E,0.903
V612G,0.904
V612L,0.76
V612M,0.859
V625A,0.943
V625E,0.978
V625G,0.963
V625L,0.925
V625M,0.921
V630A,0.966
V630D,0.974
V630F,0.932
V630G,0.981
V630I,0.735
V630L,0.895
V644A,0.921
V644D,0.948
V644F,0.931
V644G,0.927
V644I,0.742
V644L,0.867
V659A,0.964
V659E,0.988
V659G,0.979
V659L,0.958
V659M,0.952
V680A,0.899
V680E,0.962
V680G,0.948
V680L,0.76
V680M,0.789
V716A,0.915
V716E,0.948
V716G,0.932
V716L,0.817
V716M,0.901
V770A,0.921
V770E,0.972
V770G,0.969
V770L,0.838
V770M,0.891
V794A,0.677
V794D,0.684
V794F,0.779
V794G,0.701
V794I,0.587
V794L,0.705
V795A,0.874
V795D,0.927
V795F,0.904
V795G,0.895
V795I,0.698
V795L,0.85
V796A,0.919
V796E,0.94
V796G,0.926
V796L,0.739
V796M,0.781
V822A,0.903
V822E,0.974
V822G,0.968
V822L,0.869
V822M,0.915
V841A,0.939
V841E,0.952
V841G,0.957
V841L,0.813
V841M,0.853
V8A,0.746
V8D,0.879
V8F,0.863
V8G,0.881
V8I,0.518
V8L,0.645
V905A,0.577
V905E,0.626
V905G,0.562
V905L,0.542
V905M,0.57
V94A,0.801
V94E,0.863
V94G,0.904
V94L,0.495
V94M,0.849
V956A,0.542
V956E,0.503
V956G,0.609
V956L,0.434
V956M,0.46
V994A,0.791
V994E,0.801
V994G,0.825
V994L,0.615
V994M,0.65
W1001C,0.944
W1001G,0.912
W1001L,0.877
W1001R,0.932
W1001S,0.854
W154C,0.6
W154G,0.595
W154L,0.565
W154R,0.661
W154S,0.631
W398C,0.819
W398G,0.809
W398L,0.791
W398R,0.837
W398S,0.877
W410C,0.967
W410G,0.98
W410L,0.947
W410R,0.982
W410S,0.969
W412C,0.893
W412G,0.92
W412L,0.886
W412R,0.881
W412S,0.894
W497C,0.945
W497G,0.922
W497L,0.941
W497R,0.889
W497S,0.928
W563C,0.919
W563G,0.914
W563L,0.901
W563R,0.867
W563S,0.93
W568C,0.978
W568G,0.912
W568L,0.943
W568R,0.889
W568S,0.935
W585C,0.979
W585G,0.953
W585L,0.878
W585R,0.929
W585S,0.908
W705C,0.959
W705G,0.954
W705L,0.934
W705R,0.952
W705S,0.935
W853C,0.761
W853G,0.842
W853L,0.66
W853R,0.832
W853S,0.68
W927C,0.645
W927G,0.856
W927L,0.674
W927R,0.766
W927S,0.732
Y1009C,0.832
Y1009D,0.835
Y1009F,0.568
Y1009H,0.754
Y1009N,0.834
Y1009S,0.847
Y1078C,0.883
Y1078D,0.708
Y1078F,0.753
Y1078H,0.754
Y1078N,0.821
Y1078S,0.808
Y327C,0.7
Y327D,0.794
Y327F,0.592
Y327H,0.606
Y327N,0.725
Y327S,0.718
Y388C,0.943
Y388D,0.916
Y388F,0.909
Y388H,0.913
Y388N,0.933
Y388S,0.934
Y403C,0.938
Y403D,0.944
Y403F,0.897
Y403H,0.937
Y403N,0.94
Y403S,0.939
Y420C,0.982
Y420D,0.971
Y420F,0.948
Y420H,0.967
Y420N,0.962
Y420S,0.962
Y427C,0.971
Y427D,0.944
Y427F,0.803
Y427H,0.984
Y427N,0.949
Y427S,0.971
Y43C,0.817
Y43D,0.906
Y43F,0.518
Y43H,0.868
Y43N,0.892
Y43S,0.838
Y447C,0.819
Y447D,0.729
Y447F,0.65
Y447H,0.741
Y447N,0.807
Y447S,0.733
Y475C,0.98
Y475D,0.967
Y475F,0.804
Y475H,0.959
Y475N,0.943
Y475S,0.952
Y493C,0.988
Y493D,0.979
Y493F,0.948
Y493H,0.962
Y493N,0.978
Y493S,0.986
Y542C,0.86
Y542D,0.957
Y542F,0.762
Y542H,0.924
Y542N,0.941
Y542S,0.862
Y545C,0.922
Y545D,0.956
Y545F,0.817
Y545H,0.94
Y545N,0.936
Y545S,0.953
Y54C,0.72
Y54D,0.845
Y54F,0.47
Y54H,0.828
Y54N,0.841
Y54S,0.725
Y569C,0.931
Y569D,0.974
Y569F,0.799
Y569H,0.962
Y569N,0.962
Y569S,0.91
Y597C,0.939
Y597D,0.909
Y597F,0.707
Y597H,0.894
Y597N,0.902
Y597S,0.816
Y611C,0.952
Y611D,0.969
Y611F,0.881
Y611H,0.946
Y611N,0.968
Y611S,0.971
Y616C,0.945
Y616D,0.936
Y616F,0.912
Y616H,0.94
Y616N,0.944
Y616S,0.946
Y652C,0.961
Y652D,0.981
Y652F,0.833
Y652H,0.927
Y652N,0.955
Y652S,0.957
Y667C,0.939
Y667D,0.899
Y667F,0.93
Y667H,0.914
Y667N,0.871
Y667S,0.92
Y673C,0.952
Y673D,0.963
Y673F,0.873
Y673H,0.955
Y673N,0.954
Y673S,0.966
Y700C,0.952
Y700D,0.964
Y700F,0.818
Y700H,0.946
Y700N,0.948
Y700S,0.966
Y707C,0.926
Y707D,0.897
Y707F,0.765
Y707H,0.832
Y707N,0.908
Y707S,0.872
Y780C,0.912
Y780D,0.975
Y780F,0.87
Y780H,0.934
Y780N,0.951
Y780S,0.972
Y812C,0.793
Y812D,0.846
Y812F,0.492
Y812H,0.748
Y812N,0.817
Y812S,0.699
Y827C,0.87
Y827D,0.826
Y827F,0.857
Y827H,0.905
Y827N,0.881
Y827S,0.884
Y845C,0.894
Y845D,0.929
Y845F,0.821
Y845H,0.922
Y845N,0.924
Y845S,0.877
Y99C,0.838
Y99D,0.835
Y99F,0.711
Y99H,0.744
Y99N,0.83
Y99S,0.836
